row_index,predicted_label,predicted_class,confidence
0,9,Ankle boot,1.0
1,2,Pullover,1.0
2,1,Trouser,1.0
3,1,Trouser,1.0
4,0,T-shirt/top,0.4457
5,1,Trouser,1.0
6,4,Coat,0.6032
7,6,Shirt,1.0
8,5,Sandal,1.0
9,7,Sneaker,1.0
10,4,Coat,0.8596
11,5,Sandal,1.0
12,5,Sandal,0.5704
13,3,Dress,1.0
14,4,Coat,0.8682
15,1,Trouser,1.0
16,2,Pullover,1.0
17,6,Shirt,0.8489
18,8,Bag,1.0
19,0,T-shirt/top,1.0
20,2,Pullover,1.0
21,7,Sneaker,0.8444
22,7,Sneaker,1.0
23,9,Ankle boot,0.8655
24,1,Trouser,1.0
25,2,Pullover,0.4397
26,2,Pullover,0.4047
27,6,Shirt,0.4601
28,9,Ankle boot,0.8566
29,4,Coat,0.7225
30,8,Bag,1.0
31,8,Bag,1.0
32,3,Dress,1.0
33,3,Dress,1.0
34,8,Bag,1.0
35,0,T-shirt/top,1.0
36,7,Sneaker,1.0
37,5,Sandal,1.0
38,7,Sneaker,1.0
39,9,Ankle boot,1.0
40,0,T-shirt/top,0.7142
41,1,Trouser,1.0
42,6,Shirt,0.5962
43,9,Ankle boot,0.8671
44,6,Shirt,0.7336
45,7,Sneaker,1.0
46,2,Pullover,0.7074
47,1,Trouser,1.0
48,2,Pullover,0.4401
49,6,Shirt,0.5854
50,2,Pullover,0.5433
51,4,Coat,0.5653
52,5,Sandal,1.0
53,8,Bag,0.862
54,2,Pullover,1.0
55,2,Pullover,1.0
56,8,Bag,1.0
57,4,Coat,1.0
58,8,Bag,1.0
59,0,T-shirt/top,1.0
60,7,Sneaker,1.0
61,7,Sneaker,1.0
62,8,Bag,1.0
63,5,Sandal,1.0
64,1,Trouser,1.0
65,1,Trouser,1.0
66,4,Coat,0.5706
67,4,Coat,0.727
68,7,Sneaker,0.7193
69,8,Bag,1.0
70,7,Sneaker,1.0
71,0,T-shirt/top,0.8696
72,2,Pullover,0.8566
73,6,Shirt,0.8401
74,2,Pullover,0.7246
75,3,Dress,0.8623
76,1,Trouser,1.0
77,2,Pullover,1.0
78,8,Bag,1.0
79,4,Coat,0.8593
80,1,Trouser,1.0
81,8,Bag,1.0
82,5,Sandal,1.0
83,9,Ankle boot,1.0
84,5,Sandal,1.0
85,0,T-shirt/top,1.0
86,3,Dress,1.0
87,2,Pullover,0.7248
88,0,T-shirt/top,1.0
89,2,Pullover,0.8612
90,5,Sandal,1.0
91,3,Dress,1.0
92,6,Shirt,1.0
93,7,Sneaker,1.0
94,1,Trouser,1.0
95,8,Bag,1.0
96,0,T-shirt/top,1.0
97,1,Trouser,1.0
98,2,Pullover,0.7179
99,2,Pullover,0.8684
100,3,Dress,1.0
101,6,Shirt,1.0
102,7,Sneaker,1.0
103,2,Pullover,0.8609
104,7,Sneaker,1.0
105,8,Bag,1.0
106,5,Sandal,1.0
107,7,Sneaker,0.7173
108,9,Ankle boot,1.0
109,4,Coat,1.0
110,2,Pullover,1.0
111,5,Sandal,1.0
112,7,Sneaker,1.0
113,0,T-shirt/top,1.0
114,5,Sandal,1.0
115,2,Pullover,1.0
116,8,Bag,1.0
117,6,Shirt,0.7142
118,7,Sneaker,1.0
119,8,Bag,1.0
120,0,T-shirt/top,1.0
121,0,T-shirt/top,1.0
122,9,Ankle boot,1.0
123,9,Ankle boot,1.0
124,3,Dress,1.0
125,0,T-shirt/top,1.0
126,8,Bag,1.0
127,4,Coat,1.0
128,1,Trouser,1.0
129,5,Sandal,1.0
130,4,Coat,1.0
131,1,Trouser,1.0
132,9,Ankle boot,1.0
133,1,Trouser,1.0
134,8,Bag,1.0
135,6,Shirt,0.8537
136,2,Pullover,0.5846
137,1,Trouser,1.0
138,2,Pullover,1.0
139,5,Sandal,1.0
140,1,Trouser,1.0
141,2,Pullover,0.4217
142,0,T-shirt/top,1.0
143,0,T-shirt/top,1.0
144,1,Trouser,1.0
145,6,Shirt,0.8549
146,1,Trouser,1.0
147,3,Dress,1.0
148,2,Pullover,1.0
149,2,Pullover,0.435
150,2,Pullover,0.2842
151,4,Coat,0.8618
152,1,Trouser,1.0
153,4,Coat,0.8591
154,5,Sandal,1.0
155,6,Shirt,0.4346
156,4,Coat,1.0
157,7,Sneaker,1.0
158,9,Ankle boot,1.0
159,3,Dress,1.0
160,7,Sneaker,1.0
161,2,Pullover,1.0
162,3,Dress,0.8583
163,9,Ankle boot,1.0
164,0,T-shirt/top,1.0
165,9,Ankle boot,1.0
166,2,Pullover,0.5806
167,7,Sneaker,1.0
168,4,Coat,1.0
169,2,Pullover,1.0
170,6,Shirt,0.5537
171,5,Sandal,1.0
172,6,Shirt,0.4386
173,1,Trouser,1.0
174,2,Pullover,1.0
175,1,Trouser,1.0
176,3,Dress,1.0
177,0,T-shirt/top,1.0
178,9,Ankle boot,1.0
179,1,Trouser,1.0
180,0,T-shirt/top,1.0
181,9,Ankle boot,1.0
182,3,Dress,0.8507
183,6,Shirt,0.8586
184,7,Sneaker,1.0
185,9,Ankle boot,1.0
186,9,Ankle boot,1.0
187,4,Coat,1.0
188,4,Coat,1.0
189,7,Sneaker,1.0
190,1,Trouser,1.0
191,2,Pullover,0.8483
192,3,Dress,0.5687
193,6,Shirt,0.5607
194,3,Dress,1.0
195,2,Pullover,1.0
196,8,Bag,1.0
197,3,Dress,1.0
198,6,Shirt,0.8615
199,1,Trouser,1.0
200,1,Trouser,1.0
201,0,T-shirt/top,1.0
202,2,Pullover,1.0
203,9,Ankle boot,1.0
204,2,Pullover,1.0
205,4,Coat,0.87
206,0,T-shirt/top,0.8591
207,7,Sneaker,1.0
208,9,Ankle boot,1.0
209,8,Bag,1.0
210,4,Coat,0.8596
211,1,Trouser,1.0
212,8,Bag,1.0
213,4,Coat,0.8665
214,1,Trouser,1.0
215,3,Dress,1.0
216,1,Trouser,1.0
217,6,Shirt,1.0
218,7,Sneaker,1.0
219,2,Pullover,1.0
220,8,Bag,1.0
221,5,Sandal,1.0
222,6,Shirt,0.7141
223,0,T-shirt/top,1.0
224,7,Sneaker,1.0
225,7,Sneaker,1.0
226,6,Shirt,1.0
227,6,Shirt,0.571
228,7,Sneaker,1.0
229,0,T-shirt/top,0.8563
230,7,Sneaker,1.0
231,8,Bag,1.0
232,9,Ankle boot,1.0
233,2,Pullover,1.0
234,9,Ankle boot,1.0
235,0,T-shirt/top,1.0
236,5,Sandal,1.0
237,1,Trouser,1.0
238,2,Pullover,0.5748
239,6,Shirt,0.5562
240,5,Sandal,1.0
241,4,Coat,0.5761
242,9,Ankle boot,1.0
243,2,Pullover,1.0
244,2,Pullover,1.0
245,8,Bag,1.0
246,6,Shirt,1.0
247,4,Coat,0.4378
248,4,Coat,0.4327
249,2,Pullover,0.7433
250,9,Ankle boot,1.0
251,7,Sneaker,1.0
252,6,Shirt,0.5784
253,5,Sandal,1.0
254,5,Sandal,1.0
255,2,Pullover,0.4412
256,8,Bag,1.0
257,5,Sandal,1.0
258,2,Pullover,0.8754
259,3,Dress,1.0
260,0,T-shirt/top,1.0
261,4,Coat,0.8632
262,8,Bag,1.0
263,0,T-shirt/top,1.0
264,0,T-shirt/top,1.0
265,6,Shirt,1.0
266,3,Dress,0.8479
267,8,Bag,1.0
268,9,Ankle boot,1.0
269,6,Shirt,0.7246
270,1,Trouser,1.0
271,6,Shirt,0.7276
272,0,T-shirt/top,1.0
273,2,Pullover,1.0
274,3,Dress,1.0
275,0,T-shirt/top,1.0
276,8,Bag,1.0
277,3,Dress,0.8596
278,7,Sneaker,1.0
279,4,Coat,0.7126
280,0,T-shirt/top,1.0
281,1,Trouser,1.0
282,6,Shirt,0.4302
283,4,Coat,0.7518
284,0,T-shirt/top,0.8614
285,6,Shirt,0.579
286,6,Shirt,0.7597
287,7,Sneaker,1.0
288,5,Sandal,1.0
289,4,Coat,1.0
290,5,Sandal,0.7158
291,9,Ankle boot,1.0
292,5,Sandal,1.0
293,6,Shirt,0.7353
294,5,Sandal,1.0
295,5,Sandal,1.0
296,1,Trouser,1.0
297,9,Ankle boot,1.0
298,8,Bag,1.0
299,8,Bag,1.0
300,3,Dress,1.0
301,3,Dress,1.0
302,6,Shirt,0.8588
303,8,Bag,1.0
304,0,T-shirt/top,1.0
305,0,T-shirt/top,1.0
306,2,Pullover,0.8606
307,9,Ankle boot,1.0
308,7,Sneaker,1.0
309,7,Sneaker,0.5604
310,1,Trouser,1.0
311,3,Dress,1.0
312,6,Shirt,1.0
313,4,Coat,0.5784
314,4,Coat,0.4229
315,2,Pullover,0.8658
316,7,Sneaker,0.8553
317,1,Trouser,1.0
318,6,Shirt,0.8617
319,4,Coat,0.7157
320,8,Bag,1.0
321,2,Pullover,1.0
322,0,T-shirt/top,0.71
323,5,Sandal,1.0
324,6,Shirt,0.7134
325,2,Pullover,1.0
326,7,Sneaker,1.0
327,7,Sneaker,1.0
328,7,Sneaker,1.0
329,3,Dress,1.0
330,3,Dress,1.0
331,7,Sneaker,0.7243
332,4,Coat,0.4467
333,7,Sneaker,1.0
334,1,Trouser,1.0
335,3,Dress,1.0
336,7,Sneaker,1.0
337,2,Pullover,0.7208
338,2,Pullover,1.0
339,3,Dress,1.0
340,4,Coat,1.0
341,0,T-shirt/top,0.7142
342,3,Dress,0.8788
343,1,Trouser,1.0
344,0,T-shirt/top,0.5696
345,1,Trouser,1.0
346,9,Ankle boot,1.0
347,4,Coat,1.0
348,9,Ankle boot,1.0
349,9,Ankle boot,1.0
350,1,Trouser,1.0
351,7,Sneaker,1.0
352,8,Bag,0.8248
353,3,Dress,0.861
354,6,Shirt,0.7539
355,0,T-shirt/top,0.8507
356,2,Pullover,0.8511
357,4,Coat,0.4628
358,8,Bag,1.0
359,0,T-shirt/top,0.455
360,1,Trouser,1.0
361,2,Pullover,0.433
362,2,Pullover,1.0
363,4,Coat,1.0
364,4,Coat,1.0
365,7,Sneaker,1.0
366,3,Dress,1.0
367,2,Pullover,0.8681
368,2,Pullover,0.8499
369,5,Sandal,1.0
370,0,T-shirt/top,1.0
371,7,Sneaker,1.0
372,9,Ankle boot,0.8688
373,4,Coat,1.0
374,0,T-shirt/top,1.0
375,9,Ankle boot,1.0
376,3,Dress,1.0
377,9,Ankle boot,1.0
378,3,Dress,0.5655
379,2,Pullover,0.7526
380,5,Sandal,1.0
381,6,Shirt,0.7321
382,2,Pullover,0.4183
383,3,Dress,1.0
384,5,Sandal,1.0
385,8,Bag,1.0
386,1,Trouser,1.0
387,6,Shirt,0.4252
388,2,Pullover,1.0
389,6,Shirt,0.4333
390,6,Shirt,0.7185
391,4,Coat,0.8618
392,9,Ankle boot,0.7084
393,5,Sandal,1.0
394,2,Pullover,1.0
395,0,T-shirt/top,0.8587
396,6,Shirt,0.5772
397,6,Shirt,1.0
398,1,Trouser,1.0
399,2,Pullover,1.0
400,0,T-shirt/top,1.0
401,9,Ankle boot,1.0
402,7,Sneaker,1.0
403,0,T-shirt/top,0.8656
404,3,Dress,0.6522
405,4,Coat,0.7372
406,3,Dress,0.575
407,6,Shirt,0.8824
408,2,Pullover,0.8686
409,1,Trouser,1.0
410,6,Shirt,0.7354
411,6,Shirt,0.8683
412,7,Sneaker,1.0
413,6,Shirt,0.4526
414,9,Ankle boot,1.0
415,4,Coat,1.0
416,2,Pullover,1.0
417,1,Trouser,1.0
418,5,Sandal,0.8624
419,4,Coat,0.7152
420,5,Sandal,1.0
421,3,Dress,1.0
422,8,Bag,1.0
423,5,Sandal,1.0
424,8,Bag,1.0
425,4,Coat,1.0
426,4,Coat,1.0
427,8,Bag,1.0
428,9,Ankle boot,1.0
429,8,Bag,1.0
430,6,Shirt,1.0
431,2,Pullover,1.0
432,4,Coat,0.5559
433,4,Coat,0.8626
434,2,Pullover,0.5755
435,4,Coat,0.8652
436,1,Trouser,1.0
437,2,Pullover,0.5777
438,1,Trouser,1.0
439,3,Dress,1.0
440,0,T-shirt/top,1.0
441,7,Sneaker,1.0
442,8,Bag,1.0
443,8,Bag,1.0
444,4,Coat,1.0
445,5,Sandal,0.8683
446,3,Dress,1.0
447,1,Trouser,1.0
448,9,Ankle boot,1.0
449,5,Sandal,1.0
450,3,Dress,0.5649
451,3,Dress,1.0
452,0,T-shirt/top,0.5769
453,1,Trouser,1.0
454,2,Pullover,0.5678
455,2,Pullover,1.0
456,9,Ankle boot,1.0
457,4,Coat,1.0
458,0,T-shirt/top,1.0
459,6,Shirt,0.862
460,0,T-shirt/top,0.4335
461,4,Coat,1.0
462,2,Pullover,1.0
463,0,T-shirt/top,0.8659
464,0,T-shirt/top,1.0
465,3,Dress,0.8644
466,3,Dress,1.0
467,8,Bag,1.0
468,6,Shirt,0.4319
469,8,Bag,1.0
470,9,Ankle boot,1.0
471,4,Coat,0.7213
472,0,T-shirt/top,1.0
473,7,Sneaker,0.855
474,0,T-shirt/top,0.8524
475,4,Coat,0.7214
476,4,Coat,0.7085
477,9,Ankle boot,1.0
478,2,Pullover,1.0
479,9,Ankle boot,1.0
480,7,Sneaker,0.5672
481,9,Ankle boot,1.0
482,3,Dress,1.0
483,7,Sneaker,0.7205
484,5,Sandal,1.0
485,7,Sneaker,0.8584
486,8,Bag,1.0
487,1,Trouser,1.0
488,0,T-shirt/top,0.861
489,0,T-shirt/top,1.0
490,3,Dress,0.5901
491,4,Coat,0.5641
492,8,Bag,1.0
493,9,Ankle boot,1.0
494,7,Sneaker,1.0
495,9,Ankle boot,1.0
496,1,Trouser,1.0
497,2,Pullover,1.0
498,7,Sneaker,0.8147
499,3,Dress,0.4152
500,6,Shirt,0.436
501,0,T-shirt/top,1.0
502,7,Sneaker,0.6614
503,7,Sneaker,1.0
504,1,Trouser,1.0
505,8,Bag,1.0
506,2,Pullover,0.8583
507,2,Pullover,1.0
508,2,Pullover,0.7139
509,2,Pullover,0.8738
510,2,Pullover,0.7109
511,4,Coat,0.5728
512,6,Shirt,0.856
513,1,Trouser,1.0
514,9,Ankle boot,1.0
515,8,Bag,1.0
516,5,Sandal,0.8644
517,1,Trouser,1.0
518,9,Ankle boot,1.0
519,1,Trouser,1.0
520,2,Pullover,1.0
521,8,Bag,1.0
522,3,Dress,1.0
523,8,Bag,1.0
524,9,Ankle boot,0.8649
525,2,Pullover,0.7187
526,4,Coat,0.8514
527,2,Pullover,0.5926
528,8,Bag,1.0
529,4,Coat,0.693
530,2,Pullover,1.0
531,0,T-shirt/top,1.0
532,5,Sandal,1.0
533,8,Bag,1.0
534,8,Bag,1.0
535,5,Sandal,1.0
536,3,Dress,1.0
537,9,Ankle boot,1.0
538,4,Coat,0.8629
539,3,Dress,1.0
540,4,Coat,0.8624
541,4,Coat,0.8432
542,7,Sneaker,0.8643
543,1,Trouser,1.0
544,0,T-shirt/top,1.0
545,1,Trouser,1.0
546,2,Pullover,1.0
547,0,T-shirt/top,1.0
548,6,Shirt,0.5776
549,9,Ankle boot,1.0
550,6,Shirt,1.0
551,1,Trouser,1.0
552,5,Sandal,1.0
553,1,Trouser,1.0
554,1,Trouser,1.0
555,1,Trouser,1.0
556,9,Ankle boot,1.0
557,3,Dress,0.8555
558,4,Coat,0.5893
559,5,Sandal,1.0
560,3,Dress,1.0
561,6,Shirt,0.6943
562,6,Shirt,0.7161
563,6,Shirt,0.71
564,4,Coat,1.0
565,0,T-shirt/top,1.0
566,0,T-shirt/top,1.0
567,5,Sandal,1.0
568,8,Bag,1.0
569,6,Shirt,1.0
570,3,Dress,0.862
571,4,Coat,1.0
572,6,Shirt,0.5823
573,7,Sneaker,0.8283
574,7,Sneaker,1.0
575,8,Bag,1.0
576,9,Ankle boot,1.0
577,0,T-shirt/top,1.0
578,6,Shirt,0.5641
579,8,Bag,0.8643
580,7,Sneaker,1.0
581,6,Shirt,0.5592
582,7,Sneaker,1.0
583,9,Ankle boot,1.0
584,3,Dress,1.0
585,4,Coat,0.5819
586,6,Shirt,0.5977
587,6,Shirt,0.5629
588,5,Sandal,1.0
589,0,T-shirt/top,1.0
590,1,Trouser,1.0
591,1,Trouser,1.0
592,5,Sandal,1.0
593,9,Ankle boot,1.0
594,4,Coat,0.5705
595,2,Pullover,0.5669
596,5,Sandal,1.0
597,7,Sneaker,1.0
598,8,Bag,1.0
599,1,Trouser,1.0
600,2,Pullover,0.4105
601,9,Ankle boot,1.0
602,7,Sneaker,1.0
603,7,Sneaker,1.0
604,1,Trouser,1.0
605,0,T-shirt/top,1.0
606,9,Ankle boot,1.0
607,3,Dress,0.5748
608,2,Pullover,1.0
609,9,Ankle boot,1.0
610,0,T-shirt/top,0.7249
611,7,Sneaker,1.0
612,6,Shirt,0.5888
613,8,Bag,1.0
614,2,Pullover,1.0
615,7,Sneaker,1.0
616,0,T-shirt/top,0.4687
617,2,Pullover,0.863
618,3,Dress,1.0
619,8,Bag,1.0
620,2,Pullover,1.0
621,2,Pullover,0.5659
622,0,T-shirt/top,0.5617
623,9,Ankle boot,0.8508
624,3,Dress,1.0
625,0,T-shirt/top,1.0
626,7,Sneaker,1.0
627,8,Bag,1.0
628,6,Shirt,0.4233
629,2,Pullover,1.0
630,9,Ankle boot,0.8698
631,4,Coat,0.8595
632,2,Pullover,0.7067
633,6,Shirt,0.5844
634,4,Coat,0.8473
635,2,Pullover,0.2958
636,0,T-shirt/top,0.8647
637,4,Coat,0.8668
638,4,Coat,1.0
639,2,Pullover,0.7163
640,7,Sneaker,1.0
641,5,Sandal,0.444
642,8,Bag,1.0
643,4,Coat,1.0
644,9,Ankle boot,1.0
645,1,Trouser,1.0
646,0,T-shirt/top,1.0
647,5,Sandal,1.0
648,4,Coat,1.0
649,4,Coat,1.0
650,4,Coat,1.0
651,0,T-shirt/top,0.8517
652,0,T-shirt/top,1.0
653,4,Coat,1.0
654,5,Sandal,1.0
655,6,Shirt,1.0
656,0,T-shirt/top,1.0
657,4,Coat,1.0
658,5,Sandal,1.0
659,4,Coat,0.8514
660,1,Trouser,1.0
661,3,Dress,0.7216
662,1,Trouser,1.0
663,1,Trouser,0.7132
664,6,Shirt,0.7095
665,4,Coat,0.4368
666,3,Dress,1.0
667,8,Bag,1.0
668,2,Pullover,0.8561
669,8,Bag,1.0
670,6,Shirt,0.7209
671,7,Sneaker,1.0
672,0,T-shirt/top,1.0
673,4,Coat,0.8682
674,0,T-shirt/top,0.464
675,8,Bag,1.0
676,5,Sandal,1.0
677,0,T-shirt/top,1.0
678,8,Bag,1.0
679,2,Pullover,1.0
680,9,Ankle boot,1.0
681,0,T-shirt/top,0.7192
682,8,Bag,1.0
683,9,Ankle boot,0.8601
684,6,Shirt,0.8416
685,4,Coat,0.5954
686,2,Pullover,1.0
687,9,Ankle boot,1.0
688,6,Shirt,0.7036
689,2,Pullover,0.7099
690,5,Sandal,1.0
691,0,T-shirt/top,1.0
692,9,Ankle boot,1.0
693,5,Sandal,1.0
694,3,Dress,1.0
695,6,Shirt,1.0
696,6,Shirt,0.8676
697,8,Bag,1.0
698,3,Dress,1.0
699,3,Dress,0.7083
700,8,Bag,1.0
701,1,Trouser,1.0
702,2,Pullover,0.5762
703,0,T-shirt/top,1.0
704,9,Ankle boot,1.0
705,9,Ankle boot,0.7234
706,9,Ankle boot,1.0
707,4,Coat,1.0
708,8,Bag,1.0
709,9,Ankle boot,1.0
710,1,Trouser,1.0
711,3,Dress,0.58
712,7,Sneaker,1.0
713,3,Dress,0.5627
714,0,T-shirt/top,1.0
715,2,Pullover,0.8588
716,6,Shirt,0.7147
717,7,Sneaker,0.592
718,1,Trouser,1.0
719,0,T-shirt/top,0.876
720,0,T-shirt/top,1.0
721,8,Bag,1.0
722,7,Sneaker,1.0
723,2,Pullover,0.4318
724,6,Shirt,0.8573
725,6,Shirt,0.5849
726,6,Shirt,0.8713
727,4,Coat,0.8715
728,1,Trouser,1.0
729,5,Sandal,0.8673
730,9,Ankle boot,1.0
731,0,T-shirt/top,1.0
732,0,T-shirt/top,0.7033
733,1,Trouser,1.0
734,6,Shirt,1.0
735,5,Sandal,0.4578
736,6,Shirt,0.7191
737,0,T-shirt/top,0.4452
738,3,Dress,0.871
739,3,Dress,1.0
740,3,Dress,1.0
741,8,Bag,1.0
742,1,Trouser,1.0
743,1,Trouser,1.0
744,8,Bag,0.855
745,5,Sandal,1.0
746,7,Sneaker,1.0
747,7,Sneaker,0.7225
748,8,Bag,1.0
749,7,Sneaker,1.0
750,2,Pullover,1.0
751,0,T-shirt/top,1.0
752,7,Sneaker,1.0
753,0,T-shirt/top,0.5672
754,8,Bag,1.0
755,0,T-shirt/top,1.0
756,9,Ankle boot,1.0
757,7,Sneaker,1.0
758,6,Shirt,1.0
759,1,Trouser,1.0
760,0,T-shirt/top,0.4217
761,6,Shirt,0.8651
762,6,Shirt,0.4477
763,8,Bag,1.0
764,0,T-shirt/top,0.716
765,6,Shirt,0.8685
766,3,Dress,1.0
767,6,Shirt,1.0
768,8,Bag,1.0
769,4,Coat,0.715
770,0,T-shirt/top,1.0
771,8,Bag,1.0
772,9,Ankle boot,1.0
773,2,Pullover,1.0
774,4,Coat,1.0
775,5,Sandal,1.0
776,9,Ankle boot,1.0
777,1,Trouser,1.0
778,4,Coat,0.7152
779,4,Coat,0.5648
780,9,Ankle boot,1.0
781,2,Pullover,0.8647
782,1,Trouser,1.0
783,7,Sneaker,1.0
784,9,Ankle boot,1.0
785,7,Sneaker,0.863
786,8,Bag,1.0
787,3,Dress,1.0
788,9,Ankle boot,0.5553
789,7,Sneaker,1.0
790,1,Trouser,1.0
791,1,Trouser,1.0
792,1,Trouser,1.0
793,4,Coat,0.8601
794,9,Ankle boot,1.0
795,5,Sandal,1.0
796,3,Dress,1.0
797,8,Bag,1.0
798,2,Pullover,0.4554
799,2,Pullover,0.4263
800,9,Ankle boot,0.8592
801,2,Pullover,0.855
802,8,Bag,1.0
803,3,Dress,1.0
804,2,Pullover,0.8656
805,4,Coat,0.431
806,4,Coat,0.7123
807,7,Sneaker,1.0
808,1,Trouser,1.0
809,4,Coat,0.8613
810,9,Ankle boot,1.0
811,3,Dress,1.0
812,5,Sandal,1.0
813,8,Bag,1.0
814,5,Sandal,1.0
815,4,Coat,1.0
816,7,Sneaker,1.0
817,2,Pullover,1.0
818,8,Bag,1.0
819,5,Sandal,1.0
820,9,Ankle boot,1.0
821,3,Dress,0.8535
822,3,Dress,1.0
823,6,Shirt,1.0
824,7,Sneaker,0.8571
825,1,Trouser,1.0
826,7,Sneaker,1.0
827,3,Dress,1.0
828,5,Sandal,0.5819
829,4,Coat,0.8553
830,6,Shirt,0.7152
831,5,Sandal,1.0
832,8,Bag,1.0
833,3,Dress,1.0
834,7,Sneaker,0.7169
835,1,Trouser,1.0
836,2,Pullover,0.8607
837,6,Shirt,0.8652
838,1,Trouser,1.0
839,9,Ankle boot,1.0
840,8,Bag,1.0
841,2,Pullover,0.8586
842,7,Sneaker,1.0
843,1,Trouser,1.0
844,3,Dress,0.855
845,7,Sneaker,1.0
846,5,Sandal,0.8669
847,9,Ankle boot,1.0
848,9,Ankle boot,1.0
849,1,Trouser,1.0
850,8,Bag,1.0
851,4,Coat,0.8558
852,5,Sandal,1.0
853,7,Sneaker,1.0
854,1,Trouser,1.0
855,9,Ankle boot,1.0
856,8,Bag,0.8622
857,1,Trouser,1.0
858,0,T-shirt/top,0.8621
859,0,T-shirt/top,0.8617
860,6,Shirt,0.8689
861,1,Trouser,1.0
862,7,Sneaker,1.0
863,1,Trouser,1.0
864,1,Trouser,1.0
865,5,Sandal,1.0
866,7,Sneaker,1.0
867,1,Trouser,1.0
868,5,Sandal,1.0
869,2,Pullover,1.0
870,2,Pullover,0.7125
871,3,Dress,1.0
872,3,Dress,0.8652
873,1,Trouser,1.0
874,1,Trouser,1.0
875,4,Coat,0.5638
876,9,Ankle boot,1.0
877,4,Coat,1.0
878,3,Dress,1.0
879,7,Sneaker,1.0
880,7,Sneaker,1.0
881,0,T-shirt/top,0.4616
882,8,Bag,1.0
883,9,Ankle boot,1.0
884,9,Ankle boot,1.0
885,6,Shirt,0.8554
886,1,Trouser,1.0
887,3,Dress,0.5752
888,4,Coat,1.0
889,0,T-shirt/top,0.8578
890,3,Dress,0.7248
891,5,Sandal,1.0
892,9,Ankle boot,1.0
893,2,Pullover,0.4256
894,0,T-shirt/top,0.8643
895,5,Sandal,0.8673
896,5,Sandal,1.0
897,1,Trouser,1.0
898,5,Sandal,0.4848
899,7,Sneaker,1.0
900,8,Bag,1.0
901,7,Sneaker,1.0
902,9,Ankle boot,0.7192
903,3,Dress,0.8656
904,6,Shirt,1.0
905,4,Coat,0.5534
906,0,T-shirt/top,1.0
907,4,Coat,0.8608
908,0,T-shirt/top,0.8583
909,6,Shirt,0.4716
910,6,Shirt,0.5724
911,2,Pullover,1.0
912,5,Sandal,1.0
913,5,Sandal,1.0
914,1,Trouser,1.0
915,2,Pullover,1.0
916,0,T-shirt/top,0.8508
917,9,Ankle boot,1.0
918,3,Dress,1.0
919,7,Sneaker,1.0
920,8,Bag,1.0
921,4,Coat,0.5868
922,8,Bag,1.0
923,3,Dress,1.0
924,4,Coat,0.8603
925,7,Sneaker,0.8637
926,0,T-shirt/top,0.7373
927,7,Sneaker,1.0
928,4,Coat,0.7205
929,8,Bag,1.0
930,6,Shirt,0.5694
931,3,Dress,0.863
932,4,Coat,0.8808
933,2,Pullover,0.5753
934,3,Dress,1.0
935,4,Coat,0.58
936,9,Ankle boot,1.0
937,6,Shirt,0.5409
938,2,Pullover,0.564
939,4,Coat,0.5749
940,9,Ankle boot,1.0
941,1,Trouser,1.0
942,8,Bag,1.0
943,1,Trouser,1.0
944,7,Sneaker,0.7485
945,5,Sandal,0.7499
946,5,Sandal,1.0
947,6,Shirt,1.0
948,0,T-shirt/top,0.5836
949,2,Pullover,0.8628
950,1,Trouser,1.0
951,0,T-shirt/top,1.0
952,5,Sandal,1.0
953,4,Coat,1.0
954,0,T-shirt/top,1.0
955,0,T-shirt/top,1.0
956,4,Coat,0.4132
957,7,Sneaker,1.0
958,5,Sandal,1.0
959,0,T-shirt/top,0.7617
960,0,T-shirt/top,0.4231
961,5,Sandal,1.0
962,9,Ankle boot,1.0
963,2,Pullover,0.5612
964,8,Bag,1.0
965,6,Shirt,0.5761
966,6,Shirt,0.5709
967,4,Coat,0.4308
968,6,Shirt,0.8657
969,2,Pullover,1.0
970,9,Ankle boot,1.0
971,6,Shirt,0.7255
972,7,Sneaker,1.0
973,7,Sneaker,1.0
974,1,Trouser,1.0
975,4,Coat,1.0
976,4,Coat,0.7124
977,0,T-shirt/top,0.8599
978,5,Sandal,1.0
979,0,T-shirt/top,0.8696
980,9,Ankle boot,1.0
981,9,Ankle boot,1.0
982,8,Bag,1.0
983,8,Bag,1.0
984,4,Coat,0.856
985,6,Shirt,0.5662
986,2,Pullover,1.0
987,4,Coat,1.0
988,6,Shirt,1.0
989,6,Shirt,1.0
990,3,Dress,1.0
991,2,Pullover,0.7104
992,3,Dress,1.0
993,7,Sneaker,0.8655
994,2,Pullover,0.5938
995,9,Ankle boot,0.8446
996,3,Dress,1.0
997,4,Coat,0.7153
998,7,Sneaker,1.0
999,7,Sneaker,1.0
1000,0,T-shirt/top,0.7181
1001,3,Dress,1.0
1002,9,Ankle boot,0.8597
1003,5,Sandal,1.0
1004,6,Shirt,0.4335
1005,4,Coat,0.8612
1006,5,Sandal,1.0
1007,9,Ankle boot,1.0
1008,6,Shirt,0.7119
1009,3,Dress,1.0
1010,7,Sneaker,1.0
1011,5,Sandal,1.0
1012,1,Trouser,1.0
1013,9,Ankle boot,1.0
1014,8,Bag,1.0
1015,8,Bag,1.0
1016,9,Ankle boot,1.0
1017,9,Ankle boot,1.0
1018,2,Pullover,1.0
1019,7,Sneaker,1.0
1020,2,Pullover,1.0
1021,2,Pullover,1.0
1022,3,Dress,1.0
1023,8,Bag,1.0
1024,7,Sneaker,1.0
1025,4,Coat,0.6996
1026,4,Coat,0.7045
1027,5,Sandal,0.864
1028,4,Coat,0.8566
1029,1,Trouser,0.5857
1030,6,Shirt,1.0
1031,1,Trouser,1.0
1032,4,Coat,1.0
1033,9,Ankle boot,1.0
1034,3,Dress,1.0
1035,1,Trouser,1.0
1036,6,Shirt,1.0
1037,5,Sandal,1.0
1038,0,T-shirt/top,0.8555
1039,5,Sandal,0.7157
1040,7,Sneaker,1.0
1041,5,Sandal,1.0
1042,2,Pullover,1.0
1043,3,Dress,1.0
1044,3,Dress,1.0
1045,9,Ankle boot,1.0
1046,4,Coat,0.431
1047,3,Dress,1.0
1048,6,Shirt,1.0
1049,0,T-shirt/top,1.0
1050,4,Coat,1.0
1051,7,Sneaker,0.7052
1052,0,T-shirt/top,1.0
1053,4,Coat,0.8583
1054,9,Ankle boot,0.5927
1055,6,Shirt,1.0
1056,6,Shirt,0.5907
1057,3,Dress,1.0
1058,2,Pullover,0.5563
1059,7,Sneaker,1.0
1060,0,T-shirt/top,1.0
1061,2,Pullover,1.0
1062,1,Trouser,1.0
1063,1,Trouser,1.0
1064,4,Coat,1.0
1065,4,Coat,0.6986
1066,8,Bag,0.715
1067,5,Sandal,1.0
1068,9,Ankle boot,1.0
1069,0,T-shirt/top,1.0
1070,1,Trouser,1.0
1071,4,Coat,0.5593
1072,5,Sandal,1.0
1073,1,Trouser,1.0
1074,4,Coat,0.5936
1075,4,Coat,0.8679
1076,8,Bag,1.0
1077,2,Pullover,0.568
1078,7,Sneaker,1.0
1079,7,Sneaker,0.8593
1080,3,Dress,1.0
1081,8,Bag,1.0
1082,1,Trouser,1.0
1083,1,Trouser,1.0
1084,9,Ankle boot,1.0
1085,8,Bag,1.0
1086,1,Trouser,1.0
1087,3,Dress,1.0
1088,3,Dress,1.0
1089,7,Sneaker,1.0
1090,5,Sandal,1.0
1091,1,Trouser,0.8669
1092,5,Sandal,1.0
1093,7,Sneaker,1.0
1094,8,Bag,1.0
1095,9,Ankle boot,1.0
1096,6,Shirt,0.5732
1097,3,Dress,1.0
1098,5,Sandal,0.856
1099,8,Bag,1.0
1100,4,Coat,0.7311
1101,6,Shirt,0.8493
1102,3,Dress,1.0
1103,8,Bag,1.0
1104,6,Shirt,0.7248
1105,5,Sandal,1.0
1106,5,Sandal,1.0
1107,4,Coat,0.4336
1108,7,Sneaker,0.8606
1109,1,Trouser,1.0
1110,5,Sandal,1.0
1111,3,Dress,1.0
1112,5,Sandal,1.0
1113,4,Coat,0.8586
1114,8,Bag,1.0
1115,6,Shirt,0.5898
1116,2,Pullover,1.0
1117,1,Trouser,1.0
1118,1,Trouser,1.0
1119,7,Sneaker,1.0
1120,9,Ankle boot,1.0
1121,6,Shirt,0.4321
1122,2,Pullover,1.0
1123,7,Sneaker,1.0
1124,0,T-shirt/top,0.49
1125,4,Coat,1.0
1126,8,Bag,1.0
1127,2,Pullover,1.0
1128,2,Pullover,0.8592
1129,0,T-shirt/top,0.7148
1130,0,T-shirt/top,0.563
1131,4,Coat,0.4379
1132,4,Coat,1.0
1133,9,Ankle boot,1.0
1134,6,Shirt,1.0
1135,8,Bag,1.0
1136,4,Coat,1.0
1137,5,Sandal,1.0
1138,9,Ankle boot,0.857
1139,0,T-shirt/top,0.7175
1140,3,Dress,0.7047
1141,9,Ankle boot,1.0
1142,6,Shirt,0.4164
1143,9,Ankle boot,1.0
1144,8,Bag,1.0
1145,7,Sneaker,1.0
1146,4,Coat,1.0
1147,4,Coat,0.6915
1148,2,Pullover,1.0
1149,7,Sneaker,0.691
1150,3,Dress,1.0
1151,7,Sneaker,1.0
1152,0,T-shirt/top,0.729
1153,7,Sneaker,1.0
1154,2,Pullover,1.0
1155,9,Ankle boot,1.0
1156,3,Dress,1.0
1157,7,Sneaker,1.0
1158,0,T-shirt/top,0.5823
1159,9,Ankle boot,1.0
1160,3,Dress,0.6963
1161,8,Bag,1.0
1162,4,Coat,0.7184
1163,4,Coat,0.8605
1164,9,Ankle boot,0.6908
1165,6,Shirt,0.439
1166,6,Shirt,0.5725
1167,6,Shirt,0.7222
1168,2,Pullover,0.8693
1169,0,T-shirt/top,0.7306
1170,7,Sneaker,1.0
1171,8,Bag,1.0
1172,4,Coat,1.0
1173,4,Coat,0.7026
1174,4,Coat,0.7285
1175,5,Sandal,1.0
1176,5,Sandal,1.0
1177,6,Shirt,0.7243
1178,4,Coat,1.0
1179,5,Sandal,1.0
1180,5,Sandal,1.0
1181,8,Bag,1.0
1182,1,Trouser,1.0
1183,1,Trouser,0.8839
1184,7,Sneaker,1.0
1185,6,Shirt,1.0
1186,6,Shirt,0.4419
1187,9,Ankle boot,1.0
1188,0,T-shirt/top,0.6717
1189,8,Bag,1.0
1190,7,Sneaker,1.0
1191,2,Pullover,0.7152
1192,2,Pullover,0.5594
1193,1,Trouser,1.0
1194,4,Coat,0.4294
1195,7,Sneaker,0.7115
1196,7,Sneaker,1.0
1197,6,Shirt,0.429
1198,9,Ankle boot,1.0
1199,8,Bag,1.0
1200,5,Sandal,1.0
1201,1,Trouser,1.0
1202,1,Trouser,1.0
1203,0,T-shirt/top,1.0
1204,2,Pullover,1.0
1205,6,Shirt,0.5727
1206,9,Ankle boot,1.0
1207,0,T-shirt/top,0.4295
1208,1,Trouser,1.0
1209,9,Ankle boot,1.0
1210,3,Dress,0.7156
1211,5,Sandal,1.0
1212,5,Sandal,1.0
1213,2,Pullover,1.0
1214,0,T-shirt/top,1.0
1215,7,Sneaker,1.0
1216,0,T-shirt/top,0.5804
1217,2,Pullover,0.5623
1218,3,Dress,0.5513
1219,1,Trouser,1.0
1220,3,Dress,1.0
1221,1,Trouser,1.0
1222,3,Dress,1.0
1223,4,Coat,0.577
1224,9,Ankle boot,0.8209
1225,2,Pullover,0.5751
1226,4,Coat,1.0
1227,9,Ankle boot,1.0
1228,5,Sandal,1.0
1229,2,Pullover,0.7393
1230,9,Ankle boot,1.0
1231,6,Shirt,0.5751
1232,3,Dress,1.0
1233,4,Coat,1.0
1234,4,Coat,0.5754
1235,0,T-shirt/top,0.5703
1236,0,T-shirt/top,0.5649
1237,5,Sandal,1.0
1238,2,Pullover,1.0
1239,2,Pullover,1.0
1240,5,Sandal,1.0
1241,6,Shirt,0.8507
1242,1,Trouser,1.0
1243,4,Coat,0.7402
1244,2,Pullover,0.8501
1245,5,Sandal,1.0
1246,4,Coat,0.8658
1247,4,Coat,0.8604
1248,8,Bag,1.0
1249,0,T-shirt/top,0.5938
1250,6,Shirt,0.5646
1251,4,Coat,0.5616
1252,0,T-shirt/top,1.0
1253,6,Shirt,0.8601
1254,4,Coat,0.8392
1255,6,Shirt,1.0
1256,8,Bag,0.8595
1257,3,Dress,1.0
1258,8,Bag,1.0
1259,2,Pullover,0.5625
1260,0,T-shirt/top,1.0
1261,4,Coat,0.4377
1262,4,Coat,0.7324
1263,8,Bag,1.0
1264,8,Bag,1.0
1265,4,Coat,0.5709
1266,5,Sandal,0.8453
1267,2,Pullover,0.734
1268,2,Pullover,1.0
1269,3,Dress,1.0
1270,6,Shirt,0.5744
1271,1,Trouser,1.0
1272,9,Ankle boot,1.0
1273,0,T-shirt/top,0.8571
1274,9,Ankle boot,1.0
1275,1,Trouser,1.0
1276,9,Ankle boot,1.0
1277,0,T-shirt/top,0.4351
1278,5,Sandal,0.7236
1279,2,Pullover,1.0
1280,2,Pullover,0.8677
1281,7,Sneaker,1.0
1282,3,Dress,1.0
1283,8,Bag,1.0
1284,9,Ankle boot,0.8617
1285,0,T-shirt/top,0.6572
1286,2,Pullover,0.4398
1287,0,T-shirt/top,0.7286
1288,7,Sneaker,0.863
1289,5,Sandal,1.0
1290,5,Sandal,1.0
1291,9,Ankle boot,1.0
1292,5,Sandal,1.0
1293,0,T-shirt/top,0.718
1294,6,Shirt,1.0
1295,0,T-shirt/top,1.0
1296,3,Dress,1.0
1297,2,Pullover,1.0
1298,4,Coat,0.8631
1299,4,Coat,1.0
1300,5,Sandal,0.5785
1301,7,Sneaker,1.0
1302,1,Trouser,1.0
1303,3,Dress,1.0
1304,4,Coat,1.0
1305,6,Shirt,0.7182
1306,6,Shirt,0.7084
1307,5,Sandal,1.0
1308,1,Trouser,1.0
1309,6,Shirt,0.8691
1310,7,Sneaker,1.0
1311,3,Dress,1.0
1312,4,Coat,0.8641
1313,8,Bag,1.0
1314,8,Bag,1.0
1315,4,Coat,0.8638
1316,8,Bag,1.0
1317,9,Ankle boot,1.0
1318,4,Coat,0.8719
1319,1,Trouser,1.0
1320,6,Shirt,1.0
1321,5,Sandal,1.0
1322,2,Pullover,0.7187
1323,7,Sneaker,0.8624
1324,8,Bag,1.0
1325,5,Sandal,1.0
1326,3,Dress,0.4672
1327,8,Bag,1.0
1328,5,Sandal,1.0
1329,2,Pullover,1.0
1330,2,Pullover,0.8592
1331,8,Bag,1.0
1332,9,Ankle boot,1.0
1333,8,Bag,1.0
1334,4,Coat,0.7319
1335,3,Dress,0.8295
1336,6,Shirt,0.6971
1337,8,Bag,1.0
1338,8,Bag,1.0
1339,4,Coat,0.5782
1340,0,T-shirt/top,1.0
1341,9,Ankle boot,1.0
1342,4,Coat,0.7355
1343,2,Pullover,0.7055
1344,8,Bag,1.0
1345,1,Trouser,1.0
1346,3,Dress,1.0
1347,6,Shirt,0.723
1348,1,Trouser,1.0
1349,9,Ankle boot,1.0
1350,2,Pullover,1.0
1351,1,Trouser,1.0
1352,6,Shirt,0.7288
1353,4,Coat,0.8428
1354,7,Sneaker,0.8591
1355,9,Ankle boot,1.0
1356,4,Coat,0.7188
1357,6,Shirt,0.7264
1358,0,T-shirt/top,0.8712
1359,4,Coat,1.0
1360,4,Coat,1.0
1361,2,Pullover,0.5765
1362,4,Coat,0.5739
1363,5,Sandal,1.0
1364,0,T-shirt/top,1.0
1365,2,Pullover,1.0
1366,8,Bag,1.0
1367,3,Dress,1.0
1368,7,Sneaker,1.0
1369,6,Shirt,0.5668
1370,4,Coat,0.5745
1371,0,T-shirt/top,1.0
1372,0,T-shirt/top,1.0
1373,7,Sneaker,1.0
1374,4,Coat,0.5622
1375,8,Bag,1.0
1376,2,Pullover,0.4193
1377,4,Coat,0.8581
1378,4,Coat,0.7062
1379,0,T-shirt/top,1.0
1380,2,Pullover,0.8672
1381,1,Trouser,1.0
1382,7,Sneaker,1.0
1383,7,Sneaker,1.0
1384,5,Sandal,1.0
1385,4,Coat,0.8655
1386,7,Sneaker,1.0
1387,6,Shirt,0.5574
1388,4,Coat,0.4376
1389,7,Sneaker,1.0
1390,3,Dress,1.0
1391,3,Dress,0.8696
1392,1,Trouser,1.0
1393,3,Dress,1.0
1394,3,Dress,0.4538
1395,6,Shirt,1.0
1396,0,T-shirt/top,0.7239
1397,1,Trouser,1.0
1398,7,Sneaker,0.8456
1399,6,Shirt,0.4297
1400,4,Coat,0.8618
1401,7,Sneaker,1.0
1402,1,Trouser,1.0
1403,0,T-shirt/top,1.0
1404,6,Shirt,1.0
1405,5,Sandal,1.0
1406,8,Bag,1.0
1407,4,Coat,1.0
1408,6,Shirt,0.578
1409,7,Sneaker,1.0
1410,9,Ankle boot,1.0
1411,5,Sandal,1.0
1412,0,T-shirt/top,1.0
1413,7,Sneaker,1.0
1414,9,Ankle boot,1.0
1415,5,Sandal,1.0
1416,1,Trouser,1.0
1417,2,Pullover,0.8568
1418,9,Ankle boot,1.0
1419,5,Sandal,1.0
1420,5,Sandal,1.0
1421,3,Dress,1.0
1422,9,Ankle boot,1.0
1423,9,Ankle boot,0.5451
1424,1,Trouser,1.0
1425,6,Shirt,0.8646
1426,7,Sneaker,1.0
1427,8,Bag,0.8466
1428,0,T-shirt/top,1.0
1429,1,Trouser,1.0
1430,7,Sneaker,0.856
1431,4,Coat,0.4204
1432,7,Sneaker,0.8442
1433,1,Trouser,1.0
1434,1,Trouser,1.0
1435,5,Sandal,1.0
1436,5,Sandal,1.0
1437,6,Shirt,0.8618
1438,4,Coat,0.5955
1439,5,Sandal,1.0
1440,9,Ankle boot,1.0
1441,5,Sandal,1.0
1442,5,Sandal,1.0
1443,2,Pullover,0.8589
1444,3,Dress,1.0
1445,9,Ankle boot,1.0
1446,3,Dress,1.0
1447,8,Bag,1.0
1448,5,Sandal,1.0
1449,2,Pullover,0.5536
1450,0,T-shirt/top,0.5797
1451,0,T-shirt/top,0.5961
1452,0,T-shirt/top,0.7126
1453,5,Sandal,1.0
1454,7,Sneaker,1.0
1455,4,Coat,0.7186
1456,5,Sandal,1.0
1457,2,Pullover,1.0
1458,0,T-shirt/top,0.7022
1459,4,Coat,1.0
1460,4,Coat,1.0
1461,7,Sneaker,1.0
1462,6,Shirt,0.4007
1463,0,T-shirt/top,1.0
1464,5,Sandal,1.0
1465,1,Trouser,1.0
1466,7,Sneaker,1.0
1467,2,Pullover,1.0
1468,3,Dress,0.4368
1469,6,Shirt,0.7242
1470,8,Bag,1.0
1471,7,Sneaker,0.5723
1472,8,Bag,1.0
1473,7,Sneaker,1.0
1474,1,Trouser,1.0
1475,2,Pullover,0.8612
1476,3,Dress,0.8386
1477,2,Pullover,1.0
1478,9,Ankle boot,1.0
1479,7,Sneaker,1.0
1480,5,Sandal,0.8611
1481,6,Shirt,0.5765
1482,1,Trouser,0.45
1483,0,T-shirt/top,0.7712
1484,7,Sneaker,1.0
1485,1,Trouser,1.0
1486,2,Pullover,1.0
1487,6,Shirt,0.5597
1488,9,Ankle boot,1.0
1489,3,Dress,1.0
1490,6,Shirt,0.8661
1491,4,Coat,0.8615
1492,4,Coat,1.0
1493,3,Dress,1.0
1494,0,T-shirt/top,0.8573
1495,6,Shirt,0.7191
1496,6,Shirt,0.587
1497,3,Dress,1.0
1498,6,Shirt,0.8615
1499,1,Trouser,1.0
1500,3,Dress,1.0
1501,7,Sneaker,0.8444
1502,6,Shirt,0.8628
1503,5,Sandal,1.0
1504,0,T-shirt/top,0.6093
1505,9,Ankle boot,1.0
1506,1,Trouser,1.0
1507,1,Trouser,1.0
1508,8,Bag,1.0
1509,0,T-shirt/top,0.4595
1510,9,Ankle boot,1.0
1511,5,Sandal,1.0
1512,0,T-shirt/top,1.0
1513,5,Sandal,1.0
1514,4,Coat,0.8651
1515,6,Shirt,0.5674
1516,7,Sneaker,1.0
1517,1,Trouser,1.0
1518,1,Trouser,1.0
1519,5,Sandal,1.0
1520,3,Dress,1.0
1521,8,Bag,1.0
1522,7,Sneaker,1.0
1523,8,Bag,1.0
1524,3,Dress,0.8466
1525,8,Bag,1.0
1526,9,Ankle boot,1.0
1527,0,T-shirt/top,0.5874
1528,6,Shirt,0.4408
1529,1,Trouser,1.0
1530,1,Trouser,1.0
1531,3,Dress,1.0
1532,5,Sandal,1.0
1533,6,Shirt,1.0
1534,7,Sneaker,1.0
1535,1,Trouser,1.0
1536,9,Ankle boot,1.0
1537,9,Ankle boot,1.0
1538,6,Shirt,0.5624
1539,2,Pullover,0.7274
1540,7,Sneaker,1.0
1541,0,T-shirt/top,1.0
1542,1,Trouser,1.0
1543,3,Dress,1.0
1544,9,Ankle boot,1.0
1545,6,Shirt,1.0
1546,3,Dress,1.0
1547,7,Sneaker,1.0
1548,2,Pullover,1.0
1549,8,Bag,1.0
1550,1,Trouser,1.0
1551,8,Bag,1.0
1552,0,T-shirt/top,1.0
1553,7,Sneaker,1.0
1554,9,Ankle boot,1.0
1555,8,Bag,1.0
1556,5,Sandal,1.0
1557,3,Dress,0.5696
1558,2,Pullover,0.5694
1559,6,Shirt,0.5556
1560,4,Coat,1.0
1561,0,T-shirt/top,0.7052
1562,6,Shirt,1.0
1563,5,Sandal,0.7227
1564,8,Bag,1.0
1565,3,Dress,1.0
1566,8,Bag,1.0
1567,7,Sneaker,0.8622
1568,5,Sandal,1.0
1569,7,Sneaker,1.0
1570,3,Dress,1.0
1571,7,Sneaker,1.0
1572,0,T-shirt/top,0.7165
1573,7,Sneaker,1.0
1574,0,T-shirt/top,0.8705
1575,4,Coat,0.573
1576,2,Pullover,0.723
1577,5,Sandal,1.0
1578,3,Dress,1.0
1579,5,Sandal,1.0
1580,1,Trouser,1.0
1581,1,Trouser,1.0
1582,7,Sneaker,1.0
1583,7,Sneaker,1.0
1584,6,Shirt,1.0
1585,3,Dress,0.8476
1586,0,T-shirt/top,0.7204
1587,6,Shirt,0.402
1588,2,Pullover,0.5808
1589,8,Bag,1.0
1590,6,Shirt,1.0
1591,3,Dress,1.0
1592,1,Trouser,1.0
1593,4,Coat,1.0
1594,9,Ankle boot,1.0
1595,9,Ankle boot,1.0
1596,4,Coat,1.0
1597,7,Sneaker,0.4298
1598,2,Pullover,0.4403
1599,2,Pullover,1.0
1600,7,Sneaker,1.0
1601,8,Bag,1.0
1602,0,T-shirt/top,0.8606
1603,7,Sneaker,1.0
1604,9,Ankle boot,0.859
1605,1,Trouser,1.0
1606,6,Shirt,0.5597
1607,9,Ankle boot,1.0
1608,4,Coat,0.8628
1609,7,Sneaker,0.5933
1610,3,Dress,1.0
1611,4,Coat,1.0
1612,3,Dress,1.0
1613,3,Dress,1.0
1614,1,Trouser,1.0
1615,8,Bag,1.0
1616,8,Bag,1.0
1617,7,Sneaker,0.7101
1618,3,Dress,0.8531
1619,8,Bag,1.0
1620,0,T-shirt/top,0.6899
1621,3,Dress,0.8451
1622,4,Coat,1.0
1623,3,Dress,1.0
1624,2,Pullover,0.5632
1625,0,T-shirt/top,1.0
1626,2,Pullover,0.7085
1627,7,Sneaker,1.0
1628,3,Dress,1.0
1629,6,Shirt,0.438
1630,8,Bag,1.0
1631,3,Dress,1.0
1632,7,Sneaker,0.8639
1633,7,Sneaker,1.0
1634,3,Dress,1.0
1635,1,Trouser,1.0
1636,7,Sneaker,1.0
1637,5,Sandal,1.0
1638,8,Bag,1.0
1639,8,Bag,1.0
1640,6,Shirt,0.5864
1641,0,T-shirt/top,0.8605
1642,8,Bag,0.7113
1643,4,Coat,0.5833
1644,4,Coat,1.0
1645,8,Bag,1.0
1646,5,Sandal,0.4243
1647,7,Sneaker,1.0
1648,0,T-shirt/top,1.0
1649,6,Shirt,1.0
1650,0,T-shirt/top,0.425
1651,7,Sneaker,1.0
1652,7,Sneaker,0.8721
1653,3,Dress,1.0
1654,9,Ankle boot,1.0
1655,2,Pullover,0.5819
1656,5,Sandal,1.0
1657,9,Ankle boot,1.0
1658,7,Sneaker,1.0
1659,1,Trouser,1.0
1660,7,Sneaker,0.8619
1661,4,Coat,0.5799
1662,4,Coat,0.4402
1663,5,Sandal,1.0
1664,1,Trouser,1.0
1665,4,Coat,0.8254
1666,5,Sandal,1.0
1667,4,Coat,1.0
1668,5,Sandal,1.0
1669,0,T-shirt/top,1.0
1670,4,Coat,0.8621
1671,4,Coat,1.0
1672,1,Trouser,1.0
1673,4,Coat,1.0
1674,4,Coat,0.7227
1675,8,Bag,1.0
1676,4,Coat,0.8781
1677,5,Sandal,1.0
1678,9,Ankle boot,1.0
1679,4,Coat,0.7335
1680,1,Trouser,1.0
1681,1,Trouser,1.0
1682,7,Sneaker,0.8585
1683,2,Pullover,1.0
1684,3,Dress,0.4331
1685,5,Sandal,1.0
1686,6,Shirt,0.5801
1687,3,Dress,0.8748
1688,9,Ankle boot,1.0
1689,7,Sneaker,1.0
1690,5,Sandal,1.0
1691,3,Dress,1.0
1692,8,Bag,1.0
1693,8,Bag,1.0
1694,8,Bag,1.0
1695,9,Ankle boot,1.0
1696,1,Trouser,1.0
1697,1,Trouser,0.6853
1698,6,Shirt,1.0
1699,3,Dress,0.4317
1700,1,Trouser,1.0
1701,6,Shirt,0.8556
1702,3,Dress,1.0
1703,4,Coat,0.7011
1704,9,Ankle boot,1.0
1705,9,Ankle boot,1.0
1706,0,T-shirt/top,0.8649
1707,0,T-shirt/top,1.0
1708,6,Shirt,0.7326
1709,9,Ankle boot,1.0
1710,4,Coat,0.5562
1711,9,Ankle boot,1.0
1712,0,T-shirt/top,0.8628
1713,6,Shirt,1.0
1714,1,Trouser,0.7073
1715,8,Bag,1.0
1716,9,Ankle boot,1.0
1717,2,Pullover,1.0
1718,9,Ankle boot,1.0
1719,4,Coat,0.7502
1720,8,Bag,1.0
1721,0,T-shirt/top,0.8526
1722,7,Sneaker,1.0
1723,2,Pullover,1.0
1724,3,Dress,1.0
1725,6,Shirt,0.709
1726,2,Pullover,0.7116
1727,5,Sandal,1.0
1728,6,Shirt,1.0
1729,1,Trouser,1.0
1730,9,Ankle boot,1.0
1731,6,Shirt,0.5793
1732,4,Coat,0.4334
1733,2,Pullover,1.0
1734,9,Ankle boot,1.0
1735,9,Ankle boot,1.0
1736,0,T-shirt/top,0.8606
1737,8,Bag,1.0
1738,3,Dress,1.0
1739,6,Shirt,0.5814
1740,6,Shirt,0.7292
1741,6,Shirt,1.0
1742,0,T-shirt/top,0.8514
1743,4,Coat,0.5738
1744,2,Pullover,0.5476
1745,6,Shirt,0.5607
1746,6,Shirt,0.5733
1747,5,Sandal,0.7338
1748,0,T-shirt/top,1.0
1749,2,Pullover,0.716
1750,7,Sneaker,1.0
1751,8,Bag,1.0
1752,7,Sneaker,1.0
1753,4,Coat,0.8582
1754,6,Shirt,0.7194
1755,6,Shirt,1.0
1756,6,Shirt,0.566
1757,5,Sandal,1.0
1758,2,Pullover,0.8598
1759,4,Coat,1.0
1760,2,Pullover,1.0
1761,9,Ankle boot,1.0
1762,5,Sandal,1.0
1763,2,Pullover,0.5772
1764,6,Shirt,1.0
1765,7,Sneaker,1.0
1766,0,T-shirt/top,1.0
1767,1,Trouser,1.0
1768,9,Ankle boot,0.5866
1769,5,Sandal,1.0
1770,5,Sandal,1.0
1771,0,T-shirt/top,0.569
1772,7,Sneaker,1.0
1773,7,Sneaker,1.0
1774,5,Sandal,1.0
1775,0,T-shirt/top,1.0
1776,5,Sandal,1.0
1777,0,T-shirt/top,0.7229
1778,8,Bag,1.0
1779,4,Coat,1.0
1780,7,Sneaker,0.8652
1781,9,Ankle boot,1.0
1782,8,Bag,1.0
1783,2,Pullover,1.0
1784,4,Coat,0.5842
1785,7,Sneaker,1.0
1786,3,Dress,1.0
1787,3,Dress,0.8586
1788,7,Sneaker,1.0
1789,7,Sneaker,1.0
1790,7,Sneaker,1.0
1791,8,Bag,1.0
1792,4,Coat,0.7429
1793,9,Ankle boot,1.0
1794,5,Sandal,0.8641
1795,7,Sneaker,1.0
1796,6,Shirt,1.0
1797,5,Sandal,0.7148
1798,7,Sneaker,0.5704
1799,5,Sandal,1.0
1800,1,Trouser,1.0
1801,3,Dress,1.0
1802,0,T-shirt/top,1.0
1803,4,Coat,0.5581
1804,9,Ankle boot,1.0
1805,9,Ankle boot,1.0
1806,8,Bag,0.8595
1807,3,Dress,1.0
1808,7,Sneaker,1.0
1809,0,T-shirt/top,0.8577
1810,3,Dress,0.5897
1811,4,Coat,0.8638
1812,9,Ankle boot,1.0
1813,3,Dress,1.0
1814,3,Dress,0.6002
1815,1,Trouser,1.0
1816,9,Ankle boot,0.7153
1817,9,Ankle boot,0.7094
1818,1,Trouser,1.0
1819,5,Sandal,0.727
1820,7,Sneaker,1.0
1821,2,Pullover,0.8491
1822,7,Sneaker,1.0
1823,6,Shirt,1.0
1824,5,Sandal,1.0
1825,7,Sneaker,0.8604
1826,3,Dress,0.7124
1827,7,Sneaker,1.0
1828,5,Sandal,1.0
1829,5,Sandal,1.0
1830,4,Coat,0.8558
1831,0,T-shirt/top,0.8604
1832,7,Sneaker,1.0
1833,3,Dress,0.6995
1834,3,Dress,1.0
1835,2,Pullover,1.0
1836,0,T-shirt/top,0.733
1837,2,Pullover,1.0
1838,9,Ankle boot,1.0
1839,9,Ankle boot,1.0
1840,0,T-shirt/top,1.0
1841,4,Coat,0.5689
1842,0,T-shirt/top,0.862
1843,8,Bag,1.0
1844,4,Coat,0.5677
1845,8,Bag,1.0
1846,8,Bag,0.595
1847,2,Pullover,0.5733
1848,4,Coat,0.8666
1849,1,Trouser,1.0
1850,8,Bag,1.0
1851,6,Shirt,0.5686
1852,6,Shirt,0.3074
1853,5,Sandal,1.0
1854,0,T-shirt/top,1.0
1855,2,Pullover,0.5763
1856,2,Pullover,0.4109
1857,3,Dress,1.0
1858,0,T-shirt/top,1.0
1859,0,T-shirt/top,0.866
1860,1,Trouser,1.0
1861,0,T-shirt/top,0.8703
1862,8,Bag,1.0
1863,4,Coat,0.7206
1864,9,Ankle boot,1.0
1865,0,T-shirt/top,1.0
1866,7,Sneaker,0.71
1867,0,T-shirt/top,0.5795
1868,7,Sneaker,1.0
1869,7,Sneaker,1.0
1870,1,Trouser,1.0
1871,5,Sandal,1.0
1872,8,Bag,1.0
1873,7,Sneaker,1.0
1874,2,Pullover,0.8591
1875,9,Ankle boot,1.0
1876,9,Ankle boot,1.0
1877,1,Trouser,1.0
1878,6,Shirt,0.5817
1879,4,Coat,0.8595
1880,1,Trouser,1.0
1881,1,Trouser,1.0
1882,1,Trouser,1.0
1883,8,Bag,1.0
1884,8,Bag,1.0
1885,1,Trouser,1.0
1886,3,Dress,1.0
1887,7,Sneaker,1.0
1888,5,Sandal,1.0
1889,2,Pullover,1.0
1890,6,Shirt,0.7212
1891,8,Bag,1.0
1892,4,Coat,1.0
1893,8,Bag,1.0
1894,9,Ankle boot,1.0
1895,4,Coat,0.5818
1896,1,Trouser,1.0
1897,3,Dress,1.0
1898,1,Trouser,1.0
1899,9,Ankle boot,1.0
1900,8,Bag,1.0
1901,1,Trouser,1.0
1902,1,Trouser,1.0
1903,1,Trouser,1.0
1904,8,Bag,1.0
1905,0,T-shirt/top,1.0
1906,9,Ankle boot,1.0
1907,9,Ankle boot,1.0
1908,7,Sneaker,0.8432
1909,6,Shirt,1.0
1910,6,Shirt,0.5674
1911,4,Coat,0.729
1912,2,Pullover,0.565
1913,1,Trouser,1.0
1914,1,Trouser,1.0
1915,7,Sneaker,1.0
1916,9,Ankle boot,1.0
1917,4,Coat,0.7177
1918,2,Pullover,0.716
1919,0,T-shirt/top,1.0
1920,3,Dress,0.5756
1921,6,Shirt,0.8557
1922,2,Pullover,0.6087
1923,8,Bag,1.0
1924,1,Trouser,1.0
1925,7,Sneaker,1.0
1926,2,Pullover,1.0
1927,4,Coat,0.7091
1928,2,Pullover,0.7113
1929,2,Pullover,1.0
1930,4,Coat,0.7209
1931,8,Bag,1.0
1932,7,Sneaker,1.0
1933,1,Trouser,1.0
1934,8,Bag,1.0
1935,7,Sneaker,0.5768
1936,5,Sandal,1.0
1937,7,Sneaker,0.5768
1938,7,Sneaker,0.5867
1939,6,Shirt,0.8699
1940,6,Shirt,1.0
1941,2,Pullover,1.0
1942,9,Ankle boot,0.5754
1943,0,T-shirt/top,0.5834
1944,6,Shirt,0.8608
1945,3,Dress,0.5664
1946,5,Sandal,1.0
1947,5,Sandal,1.0
1948,2,Pullover,0.5628
1949,2,Pullover,0.8485
1950,1,Trouser,1.0
1951,0,T-shirt/top,1.0
1952,3,Dress,1.0
1953,7,Sneaker,1.0
1954,7,Sneaker,0.567
1955,3,Dress,1.0
1956,7,Sneaker,1.0
1957,4,Coat,0.4319
1958,5,Sandal,1.0
1959,7,Sneaker,1.0
1960,9,Ankle boot,1.0
1961,8,Bag,1.0
1962,9,Ankle boot,1.0
1963,1,Trouser,1.0
1964,4,Coat,0.7171
1965,8,Bag,1.0
1966,3,Dress,1.0
1967,2,Pullover,0.8553
1968,6,Shirt,0.5524
1969,0,T-shirt/top,0.5969
1970,0,T-shirt/top,0.8647
1971,8,Bag,1.0
1972,3,Dress,1.0
1973,8,Bag,1.0
1974,6,Shirt,0.589
1975,8,Bag,0.6087
1976,6,Shirt,0.5481
1977,0,T-shirt/top,1.0
1978,8,Bag,1.0
1979,8,Bag,1.0
1980,4,Coat,0.4252
1981,2,Pullover,0.8274
1982,9,Ankle boot,1.0
1983,3,Dress,1.0
1984,2,Pullover,0.8657
1985,0,T-shirt/top,1.0
1986,8,Bag,1.0
1987,5,Sandal,1.0
1988,7,Sneaker,0.6802
1989,0,T-shirt/top,1.0
1990,1,Trouser,0.7438
1991,1,Trouser,1.0
1992,1,Trouser,1.0
1993,9,Ankle boot,1.0
1994,5,Sandal,1.0
1995,1,Trouser,1.0
1996,3,Dress,1.0
1997,3,Dress,1.0
1998,6,Shirt,0.5753
1999,0,T-shirt/top,1.0
2000,8,Bag,1.0
2001,4,Coat,0.5722
2002,1,Trouser,1.0
2003,3,Dress,0.7157
2004,8,Bag,1.0
2005,8,Bag,1.0
2006,0,T-shirt/top,0.8626
2007,7,Sneaker,1.0
2008,5,Sandal,0.8416
2009,6,Shirt,0.5828
2010,6,Shirt,0.8428
2011,7,Sneaker,1.0
2012,3,Dress,1.0
2013,3,Dress,1.0
2014,2,Pullover,1.0
2015,4,Coat,0.8641
2016,2,Pullover,0.6941
2017,5,Sandal,1.0
2018,5,Sandal,1.0
2019,4,Coat,0.4491
2020,4,Coat,0.5585
2021,3,Dress,0.715
2022,9,Ankle boot,0.8415
2023,1,Trouser,1.0
2024,1,Trouser,1.0
2025,7,Sneaker,1.0
2026,3,Dress,1.0
2027,8,Bag,1.0
2028,7,Sneaker,1.0
2029,2,Pullover,1.0
2030,2,Pullover,1.0
2031,9,Ankle boot,1.0
2032,3,Dress,1.0
2033,9,Ankle boot,1.0
2034,9,Ankle boot,1.0
2035,0,T-shirt/top,1.0
2036,1,Trouser,1.0
2037,7,Sneaker,0.8424
2038,1,Trouser,1.0
2039,4,Coat,0.8571
2040,8,Bag,1.0
2041,1,Trouser,1.0
2042,2,Pullover,0.4292
2043,9,Ankle boot,1.0
2044,3,Dress,1.0
2045,4,Coat,1.0
2046,0,T-shirt/top,1.0
2047,0,T-shirt/top,1.0
2048,7,Sneaker,0.7048
2049,6,Shirt,0.861
2050,9,Ankle boot,1.0
2051,9,Ankle boot,1.0
2052,5,Sandal,1.0
2053,7,Sneaker,0.575
2054,7,Sneaker,1.0
2055,0,T-shirt/top,1.0
2056,9,Ankle boot,1.0
2057,3,Dress,0.5547
2058,3,Dress,1.0
2059,0,T-shirt/top,0.5582
2060,9,Ankle boot,1.0
2061,8,Bag,1.0
2062,3,Dress,0.7068
2063,2,Pullover,0.7419
2064,6,Shirt,0.5925
2065,3,Dress,0.8612
2066,9,Ankle boot,1.0
2067,4,Coat,0.856
2068,3,Dress,1.0
2069,6,Shirt,0.8633
2070,7,Sneaker,1.0
2071,3,Dress,0.5951
2072,0,T-shirt/top,0.8647
2073,3,Dress,1.0
2074,8,Bag,1.0
2075,1,Trouser,1.0
2076,8,Bag,1.0
2077,7,Sneaker,1.0
2078,3,Dress,0.5828
2079,4,Coat,0.8608
2080,5,Sandal,1.0
2081,2,Pullover,1.0
2082,2,Pullover,0.7043
2083,9,Ankle boot,1.0
2084,1,Trouser,1.0
2085,9,Ankle boot,1.0
2086,4,Coat,0.7178
2087,9,Ankle boot,1.0
2088,1,Trouser,1.0
2089,6,Shirt,0.8522
2090,2,Pullover,1.0
2091,6,Shirt,0.4314
2092,8,Bag,1.0
2093,7,Sneaker,1.0
2094,7,Sneaker,1.0
2095,7,Sneaker,1.0
2096,7,Sneaker,1.0
2097,4,Coat,0.5704
2098,6,Shirt,1.0
2099,0,T-shirt/top,0.8589
2100,7,Sneaker,1.0
2101,5,Sandal,1.0
2102,8,Bag,1.0
2103,5,Sandal,1.0
2104,6,Shirt,0.5818
2105,0,T-shirt/top,1.0
2106,4,Coat,0.4349
2107,4,Coat,1.0
2108,9,Ankle boot,1.0
2109,2,Pullover,0.7154
2110,6,Shirt,0.8837
2111,1,Trouser,1.0
2112,1,Trouser,0.8457
2113,9,Ankle boot,1.0
2114,3,Dress,0.7293
2115,1,Trouser,1.0
2116,2,Pullover,0.7075
2117,2,Pullover,0.8611
2118,2,Pullover,0.8628
2119,3,Dress,1.0
2120,7,Sneaker,0.7241
2121,5,Sandal,0.863
2122,7,Sneaker,1.0
2123,4,Coat,1.0
2124,4,Coat,1.0
2125,4,Coat,0.858
2126,1,Trouser,1.0
2127,2,Pullover,1.0
2128,3,Dress,1.0
2129,5,Sandal,1.0
2130,4,Coat,0.8538
2131,2,Pullover,0.4347
2132,9,Ankle boot,1.0
2133,1,Trouser,1.0
2134,5,Sandal,0.8629
2135,9,Ankle boot,1.0
2136,3,Dress,1.0
2137,2,Pullover,0.5528
2138,6,Shirt,0.5625
2139,4,Coat,1.0
2140,0,T-shirt/top,1.0
2141,1,Trouser,1.0
2142,7,Sneaker,1.0
2143,7,Sneaker,1.0
2144,6,Shirt,0.8486
2145,6,Shirt,0.5658
2146,7,Sneaker,1.0
2147,7,Sneaker,1.0
2148,3,Dress,0.8609
2149,0,T-shirt/top,0.8596
2150,4,Coat,0.8611
2151,3,Dress,1.0
2152,2,Pullover,1.0
2153,7,Sneaker,1.0
2154,8,Bag,1.0
2155,7,Sneaker,1.0
2156,2,Pullover,1.0
2157,8,Bag,1.0
2158,0,T-shirt/top,1.0
2159,8,Bag,1.0
2160,7,Sneaker,1.0
2161,4,Coat,0.5995
2162,4,Coat,0.849
2163,2,Pullover,0.4417
2164,7,Sneaker,1.0
2165,0,T-shirt/top,1.0
2166,9,Ankle boot,1.0
2167,9,Ankle boot,1.0
2168,3,Dress,1.0
2169,1,Trouser,1.0
2170,5,Sandal,1.0
2171,9,Ankle boot,1.0
2172,3,Dress,1.0
2173,1,Trouser,1.0
2174,0,T-shirt/top,0.5806
2175,3,Dress,1.0
2176,3,Dress,1.0
2177,5,Sandal,1.0
2178,9,Ankle boot,1.0
2179,7,Sneaker,1.0
2180,9,Ankle boot,1.0
2181,8,Bag,1.0
2182,4,Coat,0.7263
2183,5,Sandal,1.0
2184,9,Ankle boot,1.0
2185,3,Dress,1.0
2186,7,Sneaker,1.0
2187,9,Ankle boot,1.0
2188,3,Dress,1.0
2189,4,Coat,0.7088
2190,6,Shirt,0.7206
2191,6,Shirt,1.0
2192,5,Sandal,1.0
2193,7,Sneaker,1.0
2194,7,Sneaker,1.0
2195,2,Pullover,0.5664
2196,3,Dress,0.8648
2197,5,Sandal,1.0
2198,3,Dress,1.0
2199,1,Trouser,1.0
2200,1,Trouser,1.0
2201,9,Ankle boot,0.8611
2202,2,Pullover,0.5949
2203,3,Dress,1.0
2204,9,Ankle boot,1.0
2205,5,Sandal,1.0
2206,5,Sandal,1.0
2207,7,Sneaker,1.0
2208,2,Pullover,1.0
2209,6,Shirt,0.5641
2210,9,Ankle boot,1.0
2211,0,T-shirt/top,1.0
2212,2,Pullover,1.0
2213,1,Trouser,1.0
2214,9,Ankle boot,1.0
2215,7,Sneaker,0.7343
2216,1,Trouser,1.0
2217,5,Sandal,1.0
2218,6,Shirt,0.5727
2219,9,Ankle boot,0.8577
2220,5,Sandal,1.0
2221,0,T-shirt/top,0.5926
2222,3,Dress,0.7194
2223,5,Sandal,1.0
2224,0,T-shirt/top,0.5676
2225,3,Dress,1.0
2226,3,Dress,1.0
2227,7,Sneaker,1.0
2228,4,Coat,1.0
2229,2,Pullover,0.7156
2230,6,Shirt,1.0
2231,8,Bag,1.0
2232,5,Sandal,1.0
2233,9,Ankle boot,1.0
2234,2,Pullover,1.0
2235,1,Trouser,1.0
2236,0,T-shirt/top,0.4195
2237,5,Sandal,1.0
2238,5,Sandal,1.0
2239,8,Bag,1.0
2240,5,Sandal,1.0
2241,3,Dress,1.0
2242,7,Sneaker,1.0
2243,4,Coat,1.0
2244,4,Coat,1.0
2245,3,Dress,0.7201
2246,9,Ankle boot,1.0
2247,6,Shirt,0.7157
2248,0,T-shirt/top,1.0
2249,0,T-shirt/top,0.8578
2250,9,Ankle boot,1.0
2251,1,Trouser,1.0
2252,2,Pullover,0.581
2253,3,Dress,1.0
2254,1,Trouser,1.0
2255,5,Sandal,1.0
2256,3,Dress,0.704
2257,8,Bag,1.0
2258,5,Sandal,1.0
2259,1,Trouser,1.0
2260,1,Trouser,1.0
2261,2,Pullover,1.0
2262,9,Ankle boot,1.0
2263,4,Coat,1.0
2264,0,T-shirt/top,1.0
2265,5,Sandal,0.8676
2266,2,Pullover,0.8639
2267,8,Bag,1.0
2268,0,T-shirt/top,0.7303
2269,2,Pullover,1.0
2270,9,Ankle boot,1.0
2271,8,Bag,1.0
2272,4,Coat,0.7147
2273,4,Coat,1.0
2274,8,Bag,1.0
2275,3,Dress,1.0
2276,8,Bag,1.0
2277,0,T-shirt/top,1.0
2278,2,Pullover,0.7133
2279,0,T-shirt/top,0.859
2280,0,T-shirt/top,1.0
2281,4,Coat,0.7188
2282,8,Bag,1.0
2283,5,Sandal,1.0
2284,6,Shirt,0.7031
2285,9,Ankle boot,1.0
2286,0,T-shirt/top,1.0
2287,9,Ankle boot,1.0
2288,5,Sandal,1.0
2289,8,Bag,1.0
2290,6,Shirt,0.605
2291,9,Ankle boot,1.0
2292,1,Trouser,1.0
2293,4,Coat,0.4396
2294,7,Sneaker,1.0
2295,2,Pullover,0.8464
2296,1,Trouser,1.0
2297,6,Shirt,0.5699
2298,0,T-shirt/top,0.8565
2299,0,T-shirt/top,0.7196
2300,6,Shirt,0.7145
2301,5,Sandal,1.0
2302,2,Pullover,0.7208
2303,4,Coat,0.7218
2304,8,Bag,1.0
2305,7,Sneaker,0.5209
2306,5,Sandal,1.0
2307,2,Pullover,0.5691
2308,0,T-shirt/top,1.0
2309,4,Coat,0.7183
2310,8,Bag,1.0
2311,3,Dress,0.8625
2312,6,Shirt,0.2797
2313,1,Trouser,1.0
2314,9,Ankle boot,1.0
2315,2,Pullover,0.8642
2316,7,Sneaker,0.5614
2317,7,Sneaker,1.0
2318,2,Pullover,0.4361
2319,6,Shirt,0.8605
2320,2,Pullover,0.8646
2321,8,Bag,1.0
2322,3,Dress,1.0
2323,4,Coat,0.8627
2324,8,Bag,1.0
2325,5,Sandal,1.0
2326,6,Shirt,0.5816
2327,8,Bag,1.0
2328,3,Dress,1.0
2329,3,Dress,0.861
2330,1,Trouser,1.0
2331,4,Coat,0.8471
2332,4,Coat,0.44
2333,0,T-shirt/top,1.0
2334,4,Coat,1.0
2335,9,Ankle boot,1.0
2336,0,T-shirt/top,0.6827
2337,2,Pullover,0.5779
2338,1,Trouser,1.0
2339,9,Ankle boot,1.0
2340,9,Ankle boot,1.0
2341,8,Bag,1.0
2342,1,Trouser,1.0
2343,8,Bag,1.0
2344,8,Bag,1.0
2345,3,Dress,1.0
2346,3,Dress,1.0
2347,3,Dress,1.0
2348,8,Bag,1.0
2349,5,Sandal,1.0
2350,9,Ankle boot,1.0
2351,6,Shirt,0.8603
2352,6,Shirt,0.5763
2353,8,Bag,1.0
2354,7,Sneaker,1.0
2355,0,T-shirt/top,0.5859
2356,3,Dress,0.8595
2357,0,T-shirt/top,0.8651
2358,0,T-shirt/top,1.0
2359,0,T-shirt/top,0.5735
2360,5,Sandal,0.7483
2361,7,Sneaker,1.0
2362,5,Sandal,1.0
2363,0,T-shirt/top,1.0
2364,7,Sneaker,1.0
2365,9,Ankle boot,1.0
2366,1,Trouser,1.0
2367,6,Shirt,0.431
2368,4,Coat,1.0
2369,8,Bag,1.0
2370,9,Ankle boot,1.0
2371,3,Dress,1.0
2372,5,Sandal,1.0
2373,2,Pullover,0.577
2374,0,T-shirt/top,1.0
2375,4,Coat,1.0
2376,6,Shirt,0.5663
2377,7,Sneaker,1.0
2378,8,Bag,1.0
2379,9,Ankle boot,1.0
2380,1,Trouser,1.0
2381,8,Bag,1.0
2382,2,Pullover,0.5666
2383,5,Sandal,1.0
2384,5,Sandal,1.0
2385,3,Dress,1.0
2386,1,Trouser,1.0
2387,1,Trouser,1.0
2388,8,Bag,1.0
2389,8,Bag,1.0
2390,3,Dress,1.0
2391,0,T-shirt/top,0.6982
2392,7,Sneaker,1.0
2393,0,T-shirt/top,1.0
2394,1,Trouser,1.0
2395,8,Bag,1.0
2396,1,Trouser,0.7289
2397,0,T-shirt/top,0.7169
2398,4,Coat,1.0
2399,9,Ankle boot,1.0
2400,8,Bag,1.0
2401,9,Ankle boot,1.0
2402,8,Bag,1.0
2403,8,Bag,1.0
2404,6,Shirt,0.5589
2405,9,Ankle boot,1.0
2406,1,Trouser,1.0
2407,8,Bag,1.0
2408,4,Coat,0.4542
2409,2,Pullover,0.7124
2410,7,Sneaker,1.0
2411,7,Sneaker,1.0
2412,0,T-shirt/top,1.0
2413,5,Sandal,1.0
2414,1,Trouser,1.0
2415,1,Trouser,1.0
2416,0,T-shirt/top,1.0
2417,0,T-shirt/top,0.5787
2418,4,Coat,0.8642
2419,3,Dress,1.0
2420,0,T-shirt/top,1.0
2421,4,Coat,0.5734
2422,3,Dress,1.0
2423,5,Sandal,0.7313
2424,1,Trouser,1.0
2425,4,Coat,0.8629
2426,3,Dress,1.0
2427,3,Dress,1.0
2428,4,Coat,1.0
2429,4,Coat,1.0
2430,5,Sandal,1.0
2431,0,T-shirt/top,0.7225
2432,9,Ankle boot,1.0
2433,8,Bag,1.0
2434,3,Dress,1.0
2435,3,Dress,0.8598
2436,1,Trouser,1.0
2437,0,T-shirt/top,1.0
2438,2,Pullover,0.4303
2439,1,Trouser,1.0
2440,6,Shirt,0.4307
2441,4,Coat,0.7425
2442,4,Coat,0.5672
2443,8,Bag,1.0
2444,4,Coat,1.0
2445,9,Ankle boot,1.0
2446,0,T-shirt/top,1.0
2447,9,Ankle boot,1.0
2448,9,Ankle boot,1.0
2449,7,Sneaker,0.4295
2450,0,T-shirt/top,1.0
2451,0,T-shirt/top,0.5682
2452,0,T-shirt/top,0.8627
2453,5,Sandal,1.0
2454,0,T-shirt/top,0.8629
2455,4,Coat,0.5599
2456,9,Ankle boot,1.0
2457,7,Sneaker,0.837
2458,3,Dress,0.8668
2459,6,Shirt,0.8606
2460,1,Trouser,1.0
2461,9,Ankle boot,1.0
2462,4,Coat,1.0
2463,1,Trouser,1.0
2464,0,T-shirt/top,0.4371
2465,4,Coat,1.0
2466,5,Sandal,1.0
2467,4,Coat,1.0
2468,1,Trouser,1.0
2469,2,Pullover,0.8544
2470,8,Bag,1.0
2471,5,Sandal,1.0
2472,9,Ankle boot,1.0
2473,4,Coat,1.0
2474,5,Sandal,1.0
2475,3,Dress,1.0
2476,4,Coat,0.5009
2477,8,Bag,1.0
2478,1,Trouser,0.8611
2479,0,T-shirt/top,0.7079
2480,6,Shirt,1.0
2481,8,Bag,1.0
2482,9,Ankle boot,1.0
2483,0,T-shirt/top,1.0
2484,5,Sandal,1.0
2485,6,Shirt,0.7229
2486,2,Pullover,1.0
2487,6,Shirt,0.8639
2488,9,Ankle boot,1.0
2489,3,Dress,1.0
2490,2,Pullover,1.0
2491,6,Shirt,0.8777
2492,8,Bag,1.0
2493,5,Sandal,0.8663
2494,9,Ankle boot,1.0
2495,2,Pullover,1.0
2496,3,Dress,1.0
2497,1,Trouser,1.0
2498,6,Shirt,0.56
2499,3,Dress,1.0
2500,2,Pullover,0.5705
2501,2,Pullover,1.0
2502,7,Sneaker,1.0
2503,2,Pullover,1.0
2504,1,Trouser,1.0
2505,2,Pullover,1.0
2506,6,Shirt,0.4457
2507,4,Coat,1.0
2508,0,T-shirt/top,0.4265
2509,2,Pullover,0.7243
2510,8,Bag,1.0
2511,5,Sandal,1.0
2512,0,T-shirt/top,0.5736
2513,8,Bag,1.0
2514,5,Sandal,1.0
2515,2,Pullover,0.7205
2516,7,Sneaker,1.0
2517,8,Bag,1.0
2518,1,Trouser,1.0
2519,5,Sandal,1.0
2520,9,Ankle boot,1.0
2521,8,Bag,1.0
2522,6,Shirt,0.5432
2523,9,Ankle boot,1.0
2524,0,T-shirt/top,1.0
2525,9,Ankle boot,1.0
2526,3,Dress,1.0
2527,7,Sneaker,0.6843
2528,5,Sandal,0.5766
2529,7,Sneaker,0.5714
2530,9,Ankle boot,1.0
2531,6,Shirt,1.0
2532,6,Shirt,0.4868
2533,7,Sneaker,1.0
2534,1,Trouser,1.0
2535,5,Sandal,1.0
2536,5,Sandal,1.0
2537,9,Ankle boot,1.0
2538,5,Sandal,1.0
2539,4,Coat,1.0
2540,4,Coat,0.7148
2541,2,Pullover,0.8592
2542,2,Pullover,0.439
2543,5,Sandal,1.0
2544,9,Ankle boot,1.0
2545,7,Sneaker,1.0
2546,4,Coat,0.8655
2547,2,Pullover,0.6949
2548,2,Pullover,0.4386
2549,9,Ankle boot,1.0
2550,9,Ankle boot,1.0
2551,3,Dress,0.7205
2552,2,Pullover,0.8725
2553,1,Trouser,1.0
2554,3,Dress,1.0
2555,7,Sneaker,1.0
2556,1,Trouser,1.0
2557,8,Bag,1.0
2558,7,Sneaker,1.0
2559,7,Sneaker,0.562
2560,1,Trouser,1.0
2561,8,Bag,1.0
2562,9,Ankle boot,1.0
2563,3,Dress,1.0
2564,7,Sneaker,1.0
2565,9,Ankle boot,0.5642
2566,7,Sneaker,1.0
2567,1,Trouser,1.0
2568,7,Sneaker,1.0
2569,4,Coat,0.7171
2570,6,Shirt,0.7157
2571,6,Shirt,0.7171
2572,2,Pullover,1.0
2573,4,Coat,0.7543
2574,5,Sandal,1.0
2575,2,Pullover,0.5728
2576,8,Bag,1.0
2577,9,Ankle boot,1.0
2578,0,T-shirt/top,0.8644
2579,8,Bag,1.0
2580,0,T-shirt/top,0.6923
2581,0,T-shirt/top,1.0
2582,7,Sneaker,1.0
2583,7,Sneaker,1.0
2584,5,Sandal,1.0
2585,0,T-shirt/top,1.0
2586,1,Trouser,1.0
2587,9,Ankle boot,1.0
2588,6,Shirt,0.4308
2589,0,T-shirt/top,0.6906
2590,4,Coat,1.0
2591,9,Ankle boot,1.0
2592,2,Pullover,0.4357
2593,6,Shirt,0.5784
2594,6,Shirt,1.0
2595,9,Ankle boot,0.5384
2596,1,Trouser,1.0
2597,0,T-shirt/top,0.7041
2598,5,Sandal,1.0
2599,8,Bag,0.8637
2600,9,Ankle boot,0.5637
2601,4,Coat,0.5748
2602,8,Bag,1.0
2603,2,Pullover,0.5341
2604,3,Dress,0.853
2605,6,Shirt,1.0
2606,1,Trouser,1.0
2607,7,Sneaker,1.0
2608,4,Coat,0.8386
2609,8,Bag,1.0
2610,7,Sneaker,1.0
2611,4,Coat,1.0
2612,1,Trouser,1.0
2613,7,Sneaker,1.0
2614,8,Bag,1.0
2615,6,Shirt,0.7032
2616,4,Coat,1.0
2617,6,Shirt,0.5556
2618,4,Coat,1.0
2619,6,Shirt,0.8606
2620,1,Trouser,1.0
2621,8,Bag,1.0
2622,6,Shirt,1.0
2623,7,Sneaker,1.0
2624,2,Pullover,1.0
2625,9,Ankle boot,1.0
2626,4,Coat,1.0
2627,5,Sandal,1.0
2628,2,Pullover,0.4159
2629,6,Shirt,0.4469
2630,3,Dress,1.0
2631,8,Bag,1.0
2632,8,Bag,1.0
2633,2,Pullover,1.0
2634,0,T-shirt/top,1.0
2635,7,Sneaker,1.0
2636,2,Pullover,0.5781
2637,4,Coat,1.0
2638,0,T-shirt/top,1.0
2639,4,Coat,0.8473
2640,1,Trouser,1.0
2641,6,Shirt,0.8655
2642,8,Bag,1.0
2643,1,Trouser,1.0
2644,7,Sneaker,1.0
2645,7,Sneaker,1.0
2646,6,Shirt,0.574
2647,6,Shirt,1.0
2648,3,Dress,1.0
2649,1,Trouser,1.0
2650,2,Pullover,1.0
2651,7,Sneaker,0.7219
2652,2,Pullover,0.5665
2653,6,Shirt,0.566
2654,0,T-shirt/top,1.0
2655,6,Shirt,0.5821
2656,2,Pullover,0.7166
2657,7,Sneaker,1.0
2658,2,Pullover,1.0
2659,2,Pullover,0.6781
2660,3,Dress,1.0
2661,2,Pullover,0.5895
2662,3,Dress,1.0
2663,0,T-shirt/top,1.0
2664,9,Ankle boot,1.0
2665,7,Sneaker,1.0
2666,3,Dress,0.8537
2667,5,Sandal,1.0
2668,4,Coat,0.7414
2669,9,Ankle boot,1.0
2670,6,Shirt,0.5558
2671,4,Coat,1.0
2672,5,Sandal,1.0
2673,0,T-shirt/top,1.0
2674,6,Shirt,0.7385
2675,8,Bag,1.0
2676,4,Coat,1.0
2677,0,T-shirt/top,1.0
2678,4,Coat,0.8591
2679,4,Coat,1.0
2680,0,T-shirt/top,0.8646
2681,6,Shirt,0.8643
2682,1,Trouser,1.0
2683,6,Shirt,1.0
2684,4,Coat,0.8601
2685,6,Shirt,0.852
2686,7,Sneaker,1.0
2687,1,Trouser,1.0
2688,0,T-shirt/top,1.0
2689,6,Shirt,0.8847
2690,4,Coat,0.862
2691,1,Trouser,1.0
2692,1,Trouser,1.0
2693,5,Sandal,1.0
2694,4,Coat,0.5686
2695,3,Dress,0.5752
2696,8,Bag,1.0
2697,3,Dress,1.0
2698,4,Coat,0.6964
2699,1,Trouser,1.0
2700,7,Sneaker,1.0
2701,4,Coat,0.7239
2702,9,Ankle boot,1.0
2703,8,Bag,1.0
2704,8,Bag,1.0
2705,4,Coat,0.7044
2706,5,Sandal,1.0
2707,5,Sandal,1.0
2708,6,Shirt,0.8599
2709,7,Sneaker,1.0
2710,3,Dress,0.5809
2711,9,Ankle boot,1.0
2712,1,Trouser,1.0
2713,6,Shirt,0.5885
2714,5,Sandal,1.0
2715,3,Dress,0.867
2716,7,Sneaker,1.0
2717,6,Shirt,0.4209
2718,1,Trouser,1.0
2719,1,Trouser,1.0
2720,8,Bag,1.0
2721,0,T-shirt/top,0.8617
2722,2,Pullover,0.5809
2723,0,T-shirt/top,1.0
2724,5,Sandal,1.0
2725,9,Ankle boot,1.0
2726,6,Shirt,0.8598
2727,3,Dress,0.8686
2728,8,Bag,1.0
2729,1,Trouser,1.0
2730,0,T-shirt/top,0.7147
2731,4,Coat,1.0
2732,2,Pullover,0.4087
2733,6,Shirt,0.4388
2734,2,Pullover,0.5848
2735,8,Bag,1.0
2736,3,Dress,0.5789
2737,4,Coat,0.7158
2738,2,Pullover,1.0
2739,1,Trouser,1.0
2740,9,Ankle boot,1.0
2741,1,Trouser,0.2909
2742,7,Sneaker,1.0
2743,9,Ankle boot,1.0
2744,5,Sandal,1.0
2745,7,Sneaker,1.0
2746,6,Shirt,0.7319
2747,1,Trouser,1.0
2748,5,Sandal,0.8695
2749,8,Bag,1.0
2750,8,Bag,1.0
2751,4,Coat,0.7224
2752,2,Pullover,0.56
2753,4,Coat,0.8714
2754,6,Shirt,0.7016
2755,3,Dress,1.0
2756,1,Trouser,1.0
2757,6,Shirt,0.8618
2758,4,Coat,0.7014
2759,0,T-shirt/top,1.0
2760,3,Dress,0.8558
2761,9,Ankle boot,1.0
2762,8,Bag,1.0
2763,4,Coat,0.579
2764,0,T-shirt/top,0.8582
2765,8,Bag,1.0
2766,4,Coat,0.8642
2767,3,Dress,1.0
2768,9,Ankle boot,1.0
2769,7,Sneaker,1.0
2770,1,Trouser,1.0
2771,1,Trouser,1.0
2772,7,Sneaker,0.866
2773,5,Sandal,1.0
2774,1,Trouser,1.0
2775,9,Ankle boot,1.0
2776,4,Coat,0.4215
2777,4,Coat,0.8411
2778,2,Pullover,0.8353
2779,3,Dress,0.8735
2780,8,Bag,1.0
2781,0,T-shirt/top,0.5737
2782,7,Sneaker,1.0
2783,1,Trouser,1.0
2784,3,Dress,1.0
2785,0,T-shirt/top,1.0
2786,7,Sneaker,1.0
2787,3,Dress,0.8349
2788,5,Sandal,1.0
2789,8,Bag,1.0
2790,1,Trouser,1.0
2791,4,Coat,0.7203
2792,2,Pullover,0.865
2793,3,Dress,1.0
2794,4,Coat,0.8605
2795,8,Bag,1.0
2796,8,Bag,1.0
2797,8,Bag,1.0
2798,3,Dress,0.5695
2799,8,Bag,1.0
2800,1,Trouser,1.0
2801,8,Bag,1.0
2802,9,Ankle boot,1.0
2803,3,Dress,1.0
2804,0,T-shirt/top,1.0
2805,6,Shirt,0.8663
2806,6,Shirt,0.5751
2807,2,Pullover,1.0
2808,9,Ankle boot,1.0
2809,7,Sneaker,1.0
2810,3,Dress,1.0
2811,7,Sneaker,0.7031
2812,0,T-shirt/top,1.0
2813,1,Trouser,1.0
2814,4,Coat,0.4239
2815,5,Sandal,1.0
2816,9,Ankle boot,1.0
2817,8,Bag,0.4358
2818,0,T-shirt/top,0.7189
2819,5,Sandal,1.0
2820,0,T-shirt/top,1.0
2821,5,Sandal,1.0
2822,8,Bag,1.0
2823,7,Sneaker,1.0
2824,3,Dress,0.592
2825,6,Shirt,0.5985
2826,2,Pullover,1.0
2827,8,Bag,1.0
2828,6,Shirt,0.7284
2829,0,T-shirt/top,1.0
2830,9,Ankle boot,1.0
2831,3,Dress,0.7191
2832,0,T-shirt/top,0.8612
2833,5,Sandal,1.0
2834,8,Bag,1.0
2835,1,Trouser,1.0
2836,1,Trouser,1.0
2837,2,Pullover,0.5885
2838,6,Shirt,0.8632
2839,0,T-shirt/top,0.8622
2840,0,T-shirt/top,0.7079
2841,8,Bag,1.0
2842,4,Coat,1.0
2843,2,Pullover,0.8615
2844,3,Dress,1.0
2845,3,Dress,0.8546
2846,9,Ankle boot,1.0
2847,5,Sandal,0.8613
2848,4,Coat,0.5817
2849,3,Dress,0.7177
2850,3,Dress,0.7272
2851,1,Trouser,1.0
2852,8,Bag,1.0
2853,1,Trouser,1.0
2854,5,Sandal,1.0
2855,2,Pullover,0.8669
2856,0,T-shirt/top,0.7199
2857,0,T-shirt/top,1.0
2858,7,Sneaker,1.0
2859,9,Ankle boot,1.0
2860,3,Dress,0.5661
2861,2,Pullover,1.0
2862,7,Sneaker,1.0
2863,1,Trouser,1.0
2864,7,Sneaker,1.0
2865,6,Shirt,0.6801
2866,1,Trouser,1.0
2867,6,Shirt,0.8581
2868,2,Pullover,1.0
2869,8,Bag,0.5754
2870,2,Pullover,0.431
2871,7,Sneaker,1.0
2872,0,T-shirt/top,1.0
2873,4,Coat,1.0
2874,9,Ankle boot,1.0
2875,3,Dress,1.0
2876,2,Pullover,1.0
2877,5,Sandal,0.5879
2878,2,Pullover,0.8265
2879,8,Bag,1.0
2880,2,Pullover,0.5854
2881,2,Pullover,1.0
2882,6,Shirt,0.7544
2883,7,Sneaker,1.0
2884,6,Shirt,0.7151
2885,2,Pullover,0.8646
2886,1,Trouser,1.0
2887,1,Trouser,1.0
2888,0,T-shirt/top,1.0
2889,3,Dress,1.0
2890,5,Sandal,1.0
2891,7,Sneaker,0.5624
2892,2,Pullover,0.5701
2893,6,Shirt,0.8631
2894,4,Coat,0.6962
2895,1,Trouser,1.0
2896,8,Bag,1.0
2897,8,Bag,0.4338
2898,4,Coat,0.4377
2899,4,Coat,0.8537
2900,4,Coat,0.6999
2901,4,Coat,1.0
2902,2,Pullover,0.7384
2903,9,Ankle boot,0.5983
2904,2,Pullover,0.7143
2905,1,Trouser,0.7057
2906,9,Ankle boot,0.7185
2907,6,Shirt,1.0
2908,2,Pullover,0.8716
2909,6,Shirt,1.0
2910,6,Shirt,0.6208
2911,4,Coat,1.0
2912,5,Sandal,1.0
2913,4,Coat,0.8496
2914,9,Ankle boot,1.0
2915,8,Bag,1.0
2916,1,Trouser,1.0
2917,6,Shirt,1.0
2918,4,Coat,0.4336
2919,6,Shirt,0.8618
2920,4,Coat,0.5532
2921,9,Ankle boot,1.0
2922,4,Coat,1.0
2923,3,Dress,1.0
2924,7,Sneaker,1.0
2925,1,Trouser,1.0
2926,4,Coat,1.0
2927,6,Shirt,1.0
2928,0,T-shirt/top,0.8523
2929,1,Trouser,1.0
2930,1,Trouser,1.0
2931,0,T-shirt/top,0.7247
2932,2,Pullover,1.0
2933,6,Shirt,1.0
2934,9,Ankle boot,1.0
2935,9,Ankle boot,0.8756
2936,0,T-shirt/top,0.5677
2937,1,Trouser,1.0
2938,2,Pullover,1.0
2939,4,Coat,0.5872
2940,6,Shirt,0.6061
2941,7,Sneaker,1.0
2942,2,Pullover,0.4207
2943,1,Trouser,1.0
2944,1,Trouser,1.0
2945,7,Sneaker,1.0
2946,7,Sneaker,1.0
2947,8,Bag,1.0
2948,7,Sneaker,1.0
2949,6,Shirt,0.5883
2950,5,Sandal,1.0
2951,3,Dress,0.7226
2952,7,Sneaker,1.0
2953,2,Pullover,0.7138
2954,0,T-shirt/top,1.0
2955,9,Ankle boot,1.0
2956,2,Pullover,0.4421
2957,1,Trouser,1.0
2958,6,Shirt,1.0
2959,2,Pullover,0.7147
2960,2,Pullover,0.4441
2961,5,Sandal,1.0
2962,8,Bag,1.0
2963,5,Sandal,1.0
2964,2,Pullover,1.0
2965,9,Ankle boot,0.6766
2966,8,Bag,1.0
2967,4,Coat,0.5558
2968,0,T-shirt/top,0.8598
2969,9,Ankle boot,1.0
2970,0,T-shirt/top,1.0
2971,8,Bag,1.0
2972,1,Trouser,1.0
2973,0,T-shirt/top,0.5655
2974,8,Bag,1.0
2975,2,Pullover,1.0
2976,8,Bag,1.0
2977,2,Pullover,0.7137
2978,0,T-shirt/top,1.0
2979,0,T-shirt/top,0.4386
2980,3,Dress,1.0
2981,8,Bag,0.8561
2982,7,Sneaker,0.7202
2983,8,Bag,1.0
2984,2,Pullover,0.7266
2985,2,Pullover,0.8608
2986,6,Shirt,0.5468
2987,6,Shirt,0.8629
2988,0,T-shirt/top,1.0
2989,4,Coat,1.0
2990,5,Sandal,1.0
2991,4,Coat,0.5868
2992,4,Coat,0.8601
2993,1,Trouser,1.0
2994,1,Trouser,1.0
2995,9,Ankle boot,1.0
2996,7,Sneaker,0.7077
2997,0,T-shirt/top,0.7234
2998,6,Shirt,0.5924
2999,6,Shirt,0.5603
3000,1,Trouser,1.0
3001,4,Coat,1.0
3002,2,Pullover,0.8629
3003,7,Sneaker,1.0
3004,7,Sneaker,0.5694
3005,1,Trouser,1.0
3006,8,Bag,1.0
3007,0,T-shirt/top,0.4416
3008,3,Dress,0.8635
3009,7,Sneaker,1.0
3010,9,Ankle boot,1.0
3011,8,Bag,1.0
3012,7,Sneaker,1.0
3013,2,Pullover,1.0
3014,7,Sneaker,1.0
3015,9,Ankle boot,1.0
3016,7,Sneaker,1.0
3017,2,Pullover,1.0
3018,2,Pullover,1.0
3019,6,Shirt,0.4335
3020,6,Shirt,0.7362
3021,3,Dress,1.0
3022,3,Dress,1.0
3023,9,Ankle boot,1.0
3024,1,Trouser,1.0
3025,1,Trouser,1.0
3026,4,Coat,0.7265
3027,8,Bag,1.0
3028,0,T-shirt/top,1.0
3029,9,Ankle boot,1.0
3030,7,Sneaker,1.0
3031,5,Sandal,1.0
3032,4,Coat,0.5546
3033,8,Bag,1.0
3034,8,Bag,1.0
3035,3,Dress,0.8647
3036,6,Shirt,0.5759
3037,3,Dress,1.0
3038,2,Pullover,0.7224
3039,8,Bag,1.0
3040,4,Coat,0.8572
3041,2,Pullover,1.0
3042,5,Sandal,1.0
3043,9,Ankle boot,1.0
3044,2,Pullover,1.0
3045,1,Trouser,0.4336
3046,8,Bag,1.0
3047,3,Dress,0.862
3048,2,Pullover,1.0
3049,8,Bag,1.0
3050,3,Dress,1.0
3051,3,Dress,0.7172
3052,1,Trouser,1.0
3053,1,Trouser,1.0
3054,3,Dress,0.8649
3055,0,T-shirt/top,1.0
3056,1,Trouser,1.0
3057,8,Bag,1.0
3058,4,Coat,0.5686
3059,1,Trouser,1.0
3060,5,Sandal,1.0
3061,8,Bag,1.0
3062,1,Trouser,1.0
3063,5,Sandal,1.0
3064,8,Bag,1.0
3065,0,T-shirt/top,1.0
3066,7,Sneaker,1.0
3067,9,Ankle boot,0.5479
3068,7,Sneaker,1.0
3069,5,Sandal,1.0
3070,9,Ankle boot,1.0
3071,5,Sandal,0.8709
3072,5,Sandal,1.0
3073,3,Dress,1.0
3074,6,Shirt,0.5676
3075,7,Sneaker,1.0
3076,8,Bag,1.0
3077,4,Coat,1.0
3078,5,Sandal,0.8641
3079,1,Trouser,1.0
3080,0,T-shirt/top,0.7167
3081,6,Shirt,0.5705
3082,0,T-shirt/top,0.8604
3083,4,Coat,1.0
3084,3,Dress,0.8673
3085,7,Sneaker,1.0
3086,7,Sneaker,1.0
3087,9,Ankle boot,1.0
3088,7,Sneaker,1.0
3089,2,Pullover,1.0
3090,5,Sandal,1.0
3091,8,Bag,1.0
3092,5,Sandal,0.8668
3093,8,Bag,1.0
3094,5,Sandal,1.0
3095,3,Dress,0.8593
3096,0,T-shirt/top,0.7477
3097,9,Ankle boot,1.0
3098,7,Sneaker,1.0
3099,2,Pullover,0.8731
3100,0,T-shirt/top,0.8606
3101,0,T-shirt/top,0.5439
3102,8,Bag,1.0
3103,3,Dress,0.5778
3104,0,T-shirt/top,1.0
3105,7,Sneaker,1.0
3106,4,Coat,0.5825
3107,7,Sneaker,1.0
3108,6,Shirt,0.8672
3109,8,Bag,1.0
3110,4,Coat,0.4386
3111,7,Sneaker,1.0
3112,0,T-shirt/top,1.0
3113,0,T-shirt/top,0.5748
3114,4,Coat,1.0
3115,0,T-shirt/top,1.0
3116,6,Shirt,0.5703
3117,9,Ankle boot,0.7008
3118,8,Bag,1.0
3119,1,Trouser,1.0
3120,3,Dress,0.7234
3121,8,Bag,1.0
3122,1,Trouser,1.0
3123,7,Sneaker,1.0
3124,3,Dress,1.0
3125,6,Shirt,1.0
3126,1,Trouser,1.0
3127,1,Trouser,1.0
3128,6,Shirt,1.0
3129,6,Shirt,0.8604
3130,9,Ankle boot,1.0
3131,8,Bag,1.0
3132,2,Pullover,0.8644
3133,8,Bag,1.0
3134,2,Pullover,1.0
3135,7,Sneaker,1.0
3136,7,Sneaker,1.0
3137,1,Trouser,1.0
3138,3,Dress,0.7261
3139,0,T-shirt/top,1.0
3140,3,Dress,0.5975
3141,0,T-shirt/top,1.0
3142,7,Sneaker,1.0
3143,8,Bag,1.0
3144,7,Sneaker,1.0
3145,6,Shirt,0.8529
3146,5,Sandal,1.0
3147,2,Pullover,1.0
3148,6,Shirt,1.0
3149,7,Sneaker,1.0
3150,5,Sandal,1.0
3151,5,Sandal,1.0
3152,8,Bag,1.0
3153,9,Ankle boot,1.0
3154,7,Sneaker,1.0
3155,3,Dress,1.0
3156,2,Pullover,1.0
3157,4,Coat,1.0
3158,8,Bag,1.0
3159,3,Dress,0.5874
3160,9,Ankle boot,1.0
3161,5,Sandal,1.0
3162,7,Sneaker,1.0
3163,6,Shirt,0.714
3164,2,Pullover,0.7134
3165,6,Shirt,0.7191
3166,7,Sneaker,1.0
3167,3,Dress,0.5734
3168,8,Bag,1.0
3169,7,Sneaker,0.8534
3170,1,Trouser,1.0
3171,8,Bag,1.0
3172,9,Ankle boot,1.0
3173,4,Coat,0.5731
3174,6,Shirt,0.5806
3175,1,Trouser,1.0
3176,6,Shirt,0.457
3177,2,Pullover,1.0
3178,7,Sneaker,1.0
3179,4,Coat,0.866
3180,0,T-shirt/top,0.7379
3181,4,Coat,0.5703
3182,4,Coat,1.0
3183,8,Bag,1.0
3184,9,Ankle boot,1.0
3185,7,Sneaker,1.0
3186,9,Ankle boot,1.0
3187,2,Pullover,0.5788
3188,2,Pullover,1.0
3189,8,Bag,1.0
3190,2,Pullover,0.5752
3191,6,Shirt,0.849
3192,0,T-shirt/top,1.0
3193,6,Shirt,1.0
3194,3,Dress,0.7096
3195,4,Coat,0.5639
3196,1,Trouser,1.0
3197,5,Sandal,1.0
3198,4,Coat,0.5724
3199,7,Sneaker,0.7409
3200,5,Sandal,1.0
3201,0,T-shirt/top,1.0
3202,7,Sneaker,0.7063
3203,2,Pullover,0.7168
3204,2,Pullover,1.0
3205,1,Trouser,1.0
3206,5,Sandal,1.0
3207,1,Trouser,1.0
3208,1,Trouser,1.0
3209,2,Pullover,0.7199
3210,7,Sneaker,1.0
3211,3,Dress,1.0
3212,8,Bag,1.0
3213,8,Bag,1.0
3214,7,Sneaker,1.0
3215,7,Sneaker,0.8439
3216,9,Ankle boot,1.0
3217,9,Ankle boot,1.0
3218,5,Sandal,1.0
3219,5,Sandal,0.8442
3220,3,Dress,0.859
3221,0,T-shirt/top,1.0
3222,7,Sneaker,1.0
3223,1,Trouser,1.0
3224,4,Coat,0.7083
3225,6,Shirt,0.8653
3226,0,T-shirt/top,1.0
3227,9,Ankle boot,1.0
3228,9,Ankle boot,0.8485
3229,1,Trouser,0.2893
3230,6,Shirt,0.5568
3231,8,Bag,1.0
3232,0,T-shirt/top,1.0
3233,5,Sandal,1.0
3234,7,Sneaker,0.7059
3235,8,Bag,1.0
3236,2,Pullover,0.571
3237,2,Pullover,1.0
3238,7,Sneaker,0.8611
3239,6,Shirt,0.4216
3240,6,Shirt,0.5739
3241,4,Coat,0.5747
3242,8,Bag,1.0
3243,1,Trouser,1.0
3244,0,T-shirt/top,0.7354
3245,4,Coat,1.0
3246,8,Bag,1.0
3247,0,T-shirt/top,1.0
3248,7,Sneaker,1.0
3249,5,Sandal,1.0
3250,8,Bag,1.0
3251,7,Sneaker,0.856
3252,7,Sneaker,1.0
3253,7,Sneaker,0.8556
3254,5,Sandal,1.0
3255,6,Shirt,0.4356
3256,7,Sneaker,1.0
3257,6,Shirt,0.5769
3258,6,Shirt,0.439
3259,2,Pullover,1.0
3260,0,T-shirt/top,0.8365
3261,3,Dress,1.0
3262,4,Coat,0.7109
3263,4,Coat,0.5774
3264,0,T-shirt/top,1.0
3265,3,Dress,0.434
3266,9,Ankle boot,1.0
3267,4,Coat,1.0
3268,5,Sandal,1.0
3269,2,Pullover,0.6973
3270,4,Coat,0.7172
3271,1,Trouser,1.0
3272,2,Pullover,0.8549
3273,5,Sandal,1.0
3274,7,Sneaker,1.0
3275,0,T-shirt/top,1.0
3276,5,Sandal,1.0
3277,0,T-shirt/top,0.8688
3278,2,Pullover,1.0
3279,5,Sandal,0.7243
3280,0,T-shirt/top,1.0
3281,4,Coat,0.5551
3282,2,Pullover,0.2938
3283,6,Shirt,0.553
3284,6,Shirt,0.4303
3285,7,Sneaker,1.0
3286,2,Pullover,1.0
3287,7,Sneaker,1.0
3288,2,Pullover,1.0
3289,3,Dress,1.0
3290,6,Shirt,0.5662
3291,7,Sneaker,1.0
3292,1,Trouser,1.0
3293,2,Pullover,0.5856
3294,4,Coat,0.5617
3295,4,Coat,1.0
3296,2,Pullover,1.0
3297,4,Coat,0.5382
3298,3,Dress,1.0
3299,9,Ankle boot,1.0
3300,9,Ankle boot,1.0
3301,2,Pullover,0.723
3302,8,Bag,1.0
3303,0,T-shirt/top,1.0
3304,4,Coat,1.0
3305,0,T-shirt/top,1.0
3306,0,T-shirt/top,1.0
3307,1,Trouser,1.0
3308,9,Ankle boot,1.0
3309,3,Dress,1.0
3310,9,Ankle boot,1.0
3311,8,Bag,0.6966
3312,8,Bag,1.0
3313,6,Shirt,0.558
3314,9,Ankle boot,1.0
3315,4,Coat,0.8631
3316,7,Sneaker,1.0
3317,9,Ankle boot,1.0
3318,1,Trouser,1.0
3319,5,Sandal,1.0
3320,8,Bag,1.0
3321,1,Trouser,1.0
3322,0,T-shirt/top,0.5706
3323,6,Shirt,0.7132
3324,2,Pullover,1.0
3325,4,Coat,0.5806
3326,8,Bag,1.0
3327,6,Shirt,0.5883
3328,3,Dress,1.0
3329,3,Dress,0.8628
3330,0,T-shirt/top,1.0
3331,0,T-shirt/top,0.7066
3332,0,T-shirt/top,0.5949
3333,3,Dress,0.8655
3334,3,Dress,0.8473
3335,1,Trouser,1.0
3336,6,Shirt,1.0
3337,8,Bag,1.0
3338,4,Coat,0.8555
3339,9,Ankle boot,0.5732
3340,3,Dress,1.0
3341,0,T-shirt/top,1.0
3342,6,Shirt,0.4288
3343,5,Sandal,0.8699
3344,8,Bag,0.7133
3345,8,Bag,1.0
3346,8,Bag,1.0
3347,6,Shirt,0.5932
3348,1,Trouser,1.0
3349,0,T-shirt/top,0.4348
3350,8,Bag,1.0
3351,7,Sneaker,0.5732
3352,8,Bag,1.0
3353,5,Sandal,1.0
3354,8,Bag,1.0
3355,7,Sneaker,1.0
3356,0,T-shirt/top,0.8595
3357,7,Sneaker,1.0
3358,2,Pullover,1.0
3359,7,Sneaker,0.7057
3360,1,Trouser,1.0
3361,5,Sandal,1.0
3362,5,Sandal,1.0
3363,8,Bag,1.0
3364,3,Dress,1.0
3365,6,Shirt,0.5584
3366,8,Bag,1.0
3367,7,Sneaker,0.7121
3368,9,Ankle boot,1.0
3369,9,Ankle boot,1.0
3370,2,Pullover,0.4211
3371,0,T-shirt/top,1.0
3372,6,Shirt,0.8491
3373,7,Sneaker,1.0
3374,1,Trouser,1.0
3375,8,Bag,1.0
3376,8,Bag,1.0
3377,8,Bag,1.0
3378,7,Sneaker,1.0
3379,2,Pullover,1.0
3380,0,T-shirt/top,0.8618
3381,9,Ankle boot,1.0
3382,7,Sneaker,1.0
3383,9,Ankle boot,1.0
3384,6,Shirt,0.8568
3385,9,Ankle boot,1.0
3386,2,Pullover,0.8634
3387,1,Trouser,1.0
3388,4,Coat,1.0
3389,7,Sneaker,1.0
3390,2,Pullover,0.8705
3391,5,Sandal,1.0
3392,3,Dress,0.4404
3393,4,Coat,0.4325
3394,2,Pullover,1.0
3395,9,Ankle boot,1.0
3396,0,T-shirt/top,0.8611
3397,7,Sneaker,1.0
3398,1,Trouser,1.0
3399,9,Ankle boot,1.0
3400,7,Sneaker,1.0
3401,2,Pullover,0.7203
3402,5,Sandal,0.8539
3403,3,Dress,1.0
3404,8,Bag,1.0
3405,4,Coat,1.0
3406,9,Ankle boot,1.0
3407,4,Coat,0.7212
3408,9,Ankle boot,0.7121
3409,5,Sandal,1.0
3410,7,Sneaker,1.0
3411,5,Sandal,1.0
3412,1,Trouser,1.0
3413,3,Dress,1.0
3414,3,Dress,1.0
3415,6,Shirt,1.0
3416,0,T-shirt/top,0.8644
3417,7,Sneaker,1.0
3418,5,Sandal,0.8599
3419,3,Dress,1.0
3420,5,Sandal,0.6076
3421,9,Ankle boot,0.6989
3422,8,Bag,1.0
3423,7,Sneaker,1.0
3424,7,Sneaker,1.0
3425,4,Coat,1.0
3426,6,Shirt,0.8604
3427,5,Sandal,1.0
3428,5,Sandal,1.0
3429,6,Shirt,0.7129
3430,4,Coat,1.0
3431,8,Bag,1.0
3432,3,Dress,1.0
3433,0,T-shirt/top,1.0
3434,9,Ankle boot,0.8615
3435,2,Pullover,1.0
3436,3,Dress,0.4306
3437,2,Pullover,0.8706
3438,2,Pullover,0.5923
3439,9,Ankle boot,0.7247
3440,4,Coat,1.0
3441,0,T-shirt/top,0.5702
3442,9,Ankle boot,0.859
3443,1,Trouser,1.0
3444,4,Coat,0.6856
3445,8,Bag,1.0
3446,1,Trouser,1.0
3447,4,Coat,0.8656
3448,7,Sneaker,1.0
3449,8,Bag,1.0
3450,2,Pullover,0.4239
3451,6,Shirt,0.4463
3452,7,Sneaker,1.0
3453,4,Coat,0.7112
3454,0,T-shirt/top,1.0
3455,2,Pullover,1.0
3456,2,Pullover,0.8569
3457,3,Dress,0.7146
3458,2,Pullover,0.8649
3459,3,Dress,0.8585
3460,0,T-shirt/top,1.0
3461,5,Sandal,1.0
3462,2,Pullover,1.0
3463,3,Dress,0.563
3464,2,Pullover,0.7412
3465,8,Bag,1.0
3466,5,Sandal,0.4286
3467,0,T-shirt/top,1.0
3468,9,Ankle boot,0.5713
3469,4,Coat,1.0
3470,6,Shirt,1.0
3471,2,Pullover,0.7021
3472,8,Bag,1.0
3473,3,Dress,1.0
3474,5,Sandal,1.0
3475,1,Trouser,1.0
3476,3,Dress,0.4299
3477,9,Ankle boot,1.0
3478,1,Trouser,1.0
3479,4,Coat,0.4372
3480,9,Ankle boot,1.0
3481,0,T-shirt/top,0.5788
3482,7,Sneaker,1.0
3483,4,Coat,1.0
3484,2,Pullover,0.4237
3485,0,T-shirt/top,0.7279
3486,2,Pullover,1.0
3487,5,Sandal,1.0
3488,6,Shirt,0.5652
3489,3,Dress,0.7079
3490,5,Sandal,0.7113
3491,6,Shirt,0.8584
3492,5,Sandal,1.0
3493,1,Trouser,1.0
3494,7,Sneaker,1.0
3495,9,Ankle boot,1.0
3496,4,Coat,0.8601
3497,6,Shirt,0.6979
3498,7,Sneaker,1.0
3499,3,Dress,0.7276
3500,0,T-shirt/top,1.0
3501,2,Pullover,0.7214
3502,8,Bag,1.0
3503,1,Trouser,1.0
3504,0,T-shirt/top,1.0
3505,9,Ankle boot,1.0
3506,9,Ankle boot,1.0
3507,7,Sneaker,0.5627
3508,8,Bag,1.0
3509,4,Coat,0.7276
3510,6,Shirt,0.5803
3511,9,Ankle boot,1.0
3512,7,Sneaker,1.0
3513,7,Sneaker,1.0
3514,5,Sandal,1.0
3515,8,Bag,1.0
3516,8,Bag,1.0
3517,7,Sneaker,1.0
3518,5,Sandal,1.0
3519,3,Dress,1.0
3520,5,Sandal,1.0
3521,5,Sandal,1.0
3522,0,T-shirt/top,0.7082
3523,8,Bag,1.0
3524,9,Ankle boot,0.8588
3525,7,Sneaker,1.0
3526,2,Pullover,1.0
3527,1,Trouser,1.0
3528,4,Coat,1.0
3529,5,Sandal,0.5817
3530,1,Trouser,1.0
3531,3,Dress,1.0
3532,6,Shirt,1.0
3533,3,Dress,0.8391
3534,4,Coat,0.714
3535,6,Shirt,0.4232
3536,9,Ankle boot,1.0
3537,6,Shirt,0.5697
3538,7,Sneaker,1.0
3539,7,Sneaker,1.0
3540,0,T-shirt/top,0.5207
3541,5,Sandal,1.0
3542,0,T-shirt/top,0.8623
3543,8,Bag,1.0
3544,8,Bag,1.0
3545,6,Shirt,0.8622
3546,8,Bag,1.0
3547,5,Sandal,1.0
3548,4,Coat,0.5841
3549,0,T-shirt/top,0.6002
3550,7,Sneaker,1.0
3551,3,Dress,1.0
3552,0,T-shirt/top,0.5542
3553,6,Shirt,0.5632
3554,4,Coat,1.0
3555,5,Sandal,1.0
3556,2,Pullover,1.0
3557,0,T-shirt/top,1.0
3558,7,Sneaker,1.0
3559,7,Sneaker,1.0
3560,7,Sneaker,1.0
3561,1,Trouser,1.0
3562,5,Sandal,1.0
3563,2,Pullover,1.0
3564,1,Trouser,1.0
3565,8,Bag,1.0
3566,5,Sandal,1.0
3567,2,Pullover,0.5948
3568,6,Shirt,0.4245
3569,8,Bag,1.0
3570,7,Sneaker,1.0
3571,7,Sneaker,1.0
3572,2,Pullover,0.7123
3573,7,Sneaker,1.0
3574,1,Trouser,1.0
3575,0,T-shirt/top,0.7091
3576,9,Ankle boot,1.0
3577,5,Sandal,1.0
3578,3,Dress,0.8461
3579,9,Ankle boot,1.0
3580,3,Dress,1.0
3581,5,Sandal,1.0
3582,0,T-shirt/top,1.0
3583,7,Sneaker,1.0
3584,4,Coat,1.0
3585,6,Shirt,0.44
3586,6,Shirt,0.7145
3587,1,Trouser,1.0
3588,2,Pullover,0.7268
3589,5,Sandal,1.0
3590,9,Ankle boot,1.0
3591,3,Dress,0.8673
3592,2,Pullover,1.0
3593,8,Bag,1.0
3594,5,Sandal,1.0
3595,7,Sneaker,1.0
3596,3,Dress,1.0
3597,1,Trouser,1.0
3598,2,Pullover,0.7108
3599,0,T-shirt/top,1.0
3600,8,Bag,1.0
3601,1,Trouser,1.0
3602,8,Bag,1.0
3603,5,Sandal,1.0
3604,6,Shirt,0.7185
3605,9,Ankle boot,1.0
3606,3,Dress,0.5635
3607,3,Dress,1.0
3608,8,Bag,0.8574
3609,6,Shirt,0.6042
3610,4,Coat,1.0
3611,2,Pullover,0.7307
3612,0,T-shirt/top,1.0
3613,0,T-shirt/top,0.4301
3614,4,Coat,0.721
3615,6,Shirt,0.5693
3616,3,Dress,1.0
3617,4,Coat,0.5713
3618,5,Sandal,1.0
3619,9,Ankle boot,1.0
3620,1,Trouser,1.0
3621,1,Trouser,1.0
3622,9,Ankle boot,1.0
3623,4,Coat,0.8625
3624,7,Sneaker,1.0
3625,0,T-shirt/top,0.8702
3626,4,Coat,0.5628
3627,1,Trouser,1.0
3628,0,T-shirt/top,0.8472
3629,0,T-shirt/top,1.0
3630,7,Sneaker,0.7039
3631,7,Sneaker,0.5715
3632,0,T-shirt/top,1.0
3633,7,Sneaker,1.0
3634,8,Bag,1.0
3635,0,T-shirt/top,0.8564
3636,5,Sandal,1.0
3637,6,Shirt,1.0
3638,4,Coat,1.0
3639,4,Coat,0.5892
3640,8,Bag,1.0
3641,9,Ankle boot,1.0
3642,7,Sneaker,0.8403
3643,4,Coat,0.8488
3644,9,Ankle boot,1.0
3645,5,Sandal,1.0
3646,3,Dress,0.5807
3647,7,Sneaker,0.7184
3648,2,Pullover,1.0
3649,4,Coat,0.7272
3650,1,Trouser,1.0
3651,9,Ankle boot,1.0
3652,7,Sneaker,1.0
3653,8,Bag,1.0
3654,1,Trouser,1.0
3655,3,Dress,1.0
3656,9,Ankle boot,1.0
3657,3,Dress,1.0
3658,4,Coat,0.6997
3659,7,Sneaker,0.7197
3660,8,Bag,1.0
3661,6,Shirt,0.868
3662,5,Sandal,1.0
3663,6,Shirt,0.7247
3664,9,Ankle boot,0.7203
3665,9,Ankle boot,1.0
3666,9,Ankle boot,1.0
3667,7,Sneaker,1.0
3668,0,T-shirt/top,0.7245
3669,4,Coat,0.723
3670,2,Pullover,0.8546
3671,4,Coat,0.8583
3672,4,Coat,0.8631
3673,2,Pullover,0.5704
3674,7,Sneaker,0.696
3675,5,Sandal,1.0
3676,3,Dress,0.7232
3677,9,Ankle boot,1.0
3678,2,Pullover,1.0
3679,8,Bag,1.0
3680,8,Bag,1.0
3681,6,Shirt,0.7148
3682,0,T-shirt/top,0.8606
3683,4,Coat,1.0
3684,1,Trouser,1.0
3685,9,Ankle boot,1.0
3686,3,Dress,1.0
3687,3,Dress,1.0
3688,5,Sandal,1.0
3689,1,Trouser,1.0
3690,7,Sneaker,0.5655
3691,5,Sandal,1.0
3692,9,Ankle boot,1.0
3693,2,Pullover,0.7216
3694,8,Bag,1.0
3695,5,Sandal,1.0
3696,5,Sandal,1.0
3697,9,Ankle boot,1.0
3698,5,Sandal,1.0
3699,4,Coat,0.54
3700,6,Shirt,1.0
3701,9,Ankle boot,0.5825
3702,3,Dress,0.7127
3703,5,Sandal,1.0
3704,2,Pullover,0.5913
3705,2,Pullover,1.0
3706,0,T-shirt/top,0.5152
3707,9,Ankle boot,1.0
3708,4,Coat,1.0
3709,8,Bag,1.0
3710,1,Trouser,1.0
3711,9,Ankle boot,1.0
3712,2,Pullover,0.7317
3713,6,Shirt,1.0
3714,2,Pullover,0.5812
3715,4,Coat,0.87
3716,8,Bag,1.0
3717,8,Bag,1.0
3718,7,Sneaker,1.0
3719,7,Sneaker,1.0
3720,3,Dress,0.5882
3721,9,Ankle boot,1.0
3722,3,Dress,1.0
3723,9,Ankle boot,1.0
3724,6,Shirt,0.5717
3725,8,Bag,1.0
3726,2,Pullover,0.871
3727,6,Shirt,0.8605
3728,9,Ankle boot,1.0
3729,0,T-shirt/top,1.0
3730,4,Coat,0.5924
3731,4,Coat,0.858
3732,5,Sandal,0.865
3733,7,Sneaker,1.0
3734,0,T-shirt/top,0.8681
3735,4,Coat,1.0
3736,6,Shirt,1.0
3737,4,Coat,0.7315
3738,1,Trouser,1.0
3739,3,Dress,0.5588
3740,1,Trouser,1.0
3741,8,Bag,1.0
3742,7,Sneaker,1.0
3743,8,Bag,1.0
3744,8,Bag,1.0
3745,7,Sneaker,0.5667
3746,7,Sneaker,1.0
3747,0,T-shirt/top,0.553
3748,9,Ankle boot,0.7143
3749,7,Sneaker,1.0
3750,3,Dress,1.0
3751,6,Shirt,0.8591
3752,0,T-shirt/top,1.0
3753,4,Coat,0.5729
3754,0,T-shirt/top,0.5897
3755,3,Dress,1.0
3756,6,Shirt,1.0
3757,8,Bag,1.0
3758,8,Bag,1.0
3759,8,Bag,1.0
3760,0,T-shirt/top,0.5707
3761,2,Pullover,1.0
3762,3,Dress,1.0
3763,4,Coat,1.0
3764,8,Bag,1.0
3765,8,Bag,0.6355
3766,1,Trouser,1.0
3767,2,Pullover,0.8631
3768,1,Trouser,1.0
3769,1,Trouser,1.0
3770,6,Shirt,1.0
3771,3,Dress,1.0
3772,2,Pullover,1.0
3773,2,Pullover,0.7114
3774,8,Bag,1.0
3775,0,T-shirt/top,1.0
3776,0,T-shirt/top,0.8633
3777,4,Coat,1.0
3778,1,Trouser,1.0
3779,1,Trouser,0.4226
3780,2,Pullover,0.7184
3781,7,Sneaker,1.0
3782,0,T-shirt/top,1.0
3783,6,Shirt,1.0
3784,7,Sneaker,1.0
3785,9,Ankle boot,1.0
3786,9,Ankle boot,1.0
3787,2,Pullover,1.0
3788,7,Sneaker,1.0
3789,6,Shirt,0.7026
3790,9,Ankle boot,1.0
3791,9,Ankle boot,1.0
3792,8,Bag,1.0
3793,4,Coat,0.8473
3794,8,Bag,1.0
3795,3,Dress,1.0
3796,4,Coat,1.0
3797,0,T-shirt/top,1.0
3798,9,Ankle boot,1.0
3799,6,Shirt,1.0
3800,2,Pullover,1.0
3801,4,Coat,0.8586
3802,3,Dress,0.8623
3803,8,Bag,1.0
3804,3,Dress,0.7145
3805,3,Dress,0.8586
3806,6,Shirt,0.8555
3807,9,Ankle boot,1.0
3808,8,Bag,0.4306
3809,2,Pullover,0.5675
3810,7,Sneaker,1.0
3811,3,Dress,1.0
3812,7,Sneaker,0.8561
3813,8,Bag,1.0
3814,8,Bag,1.0
3815,2,Pullover,1.0
3816,2,Pullover,0.4066
3817,8,Bag,1.0
3818,8,Bag,1.0
3819,0,T-shirt/top,0.8308
3820,1,Trouser,1.0
3821,5,Sandal,1.0
3822,8,Bag,0.8608
3823,9,Ankle boot,1.0
3824,8,Bag,1.0
3825,7,Sneaker,1.0
3826,1,Trouser,0.8642
3827,0,T-shirt/top,1.0
3828,3,Dress,1.0
3829,4,Coat,0.4281
3830,0,T-shirt/top,0.8543
3831,6,Shirt,0.7144
3832,9,Ankle boot,0.8667
3833,3,Dress,0.6968
3834,9,Ankle boot,1.0
3835,9,Ankle boot,1.0
3836,1,Trouser,1.0
3837,5,Sandal,1.0
3838,9,Ankle boot,1.0
3839,4,Coat,0.7413
3840,1,Trouser,1.0
3841,7,Sneaker,0.8603
3842,0,T-shirt/top,0.5404
3843,1,Trouser,1.0
3844,0,T-shirt/top,0.7203
3845,5,Sandal,1.0
3846,3,Dress,1.0
3847,8,Bag,1.0
3848,8,Bag,1.0
3849,4,Coat,1.0
3850,1,Trouser,1.0
3851,7,Sneaker,1.0
3852,0,T-shirt/top,1.0
3853,5,Sandal,1.0
3854,0,T-shirt/top,1.0
3855,4,Coat,0.7199
3856,1,Trouser,1.0
3857,7,Sneaker,0.8634
3858,1,Trouser,1.0
3859,7,Sneaker,1.0
3860,9,Ankle boot,1.0
3861,6,Shirt,0.8603
3862,3,Dress,0.872
3863,9,Ankle boot,1.0
3864,2,Pullover,1.0
3865,6,Shirt,0.5588
3866,9,Ankle boot,0.7178
3867,3,Dress,1.0
3868,5,Sandal,1.0
3869,8,Bag,1.0
3870,8,Bag,1.0
3871,4,Coat,0.4377
3872,4,Coat,0.8676
3873,7,Sneaker,1.0
3874,7,Sneaker,1.0
3875,4,Coat,1.0
3876,6,Shirt,0.7148
3877,0,T-shirt/top,1.0
3878,5,Sandal,1.0
3879,5,Sandal,0.8719
3880,3,Dress,1.0
3881,2,Pullover,0.4363
3882,2,Pullover,0.719
3883,5,Sandal,0.7153
3884,4,Coat,0.4205
3885,8,Bag,1.0
3886,5,Sandal,1.0
3887,6,Shirt,1.0
3888,9,Ankle boot,1.0
3889,1,Trouser,1.0
3890,3,Dress,0.7146
3891,1,Trouser,1.0
3892,4,Coat,0.4338
3893,5,Sandal,1.0
3894,9,Ankle boot,1.0
3895,0,T-shirt/top,0.8631
3896,9,Ankle boot,0.8621
3897,0,T-shirt/top,1.0
3898,3,Dress,0.7098
3899,5,Sandal,1.0
3900,6,Shirt,0.8591
3901,1,Trouser,1.0
3902,5,Sandal,1.0
3903,8,Bag,1.0
3904,5,Sandal,1.0
3905,6,Shirt,1.0
3906,0,T-shirt/top,0.714
3907,9,Ankle boot,1.0
3908,1,Trouser,1.0
3909,9,Ankle boot,1.0
3910,1,Trouser,1.0
3911,7,Sneaker,1.0
3912,1,Trouser,1.0
3913,8,Bag,1.0
3914,0,T-shirt/top,0.8591
3915,3,Dress,1.0
3916,4,Coat,1.0
3917,0,T-shirt/top,0.8603
3918,4,Coat,0.5747
3919,8,Bag,0.8312
3920,3,Dress,1.0
3921,3,Dress,0.8629
3922,8,Bag,1.0
3923,8,Bag,1.0
3924,0,T-shirt/top,0.721
3925,3,Dress,1.0
3926,6,Shirt,0.723
3927,8,Bag,1.0
3928,1,Trouser,1.0
3929,1,Trouser,1.0
3930,3,Dress,1.0
3931,3,Dress,1.0
3932,2,Pullover,0.568
3933,2,Pullover,0.7147
3934,1,Trouser,1.0
3935,8,Bag,1.0
3936,3,Dress,1.0
3937,4,Coat,0.6712
3938,2,Pullover,0.5469
3939,6,Shirt,0.4359
3940,4,Coat,1.0
3941,2,Pullover,0.7121
3942,3,Dress,0.8308
3943,9,Ankle boot,1.0
3944,2,Pullover,1.0
3945,3,Dress,1.0
3946,0,T-shirt/top,0.8661
3947,4,Coat,0.7159
3948,5,Sandal,1.0
3949,7,Sneaker,1.0
3950,1,Trouser,1.0
3951,6,Shirt,0.8595
3952,1,Trouser,1.0
3953,8,Bag,0.281
3954,0,T-shirt/top,0.8707
3955,3,Dress,0.5797
3956,8,Bag,1.0
3957,9,Ankle boot,0.7068
3958,1,Trouser,1.0
3959,6,Shirt,0.8657
3960,5,Sandal,1.0
3961,4,Coat,0.7404
3962,8,Bag,1.0
3963,1,Trouser,1.0
3964,7,Sneaker,1.0
3965,1,Trouser,1.0
3966,6,Shirt,1.0
3967,4,Coat,0.8656
3968,9,Ankle boot,1.0
3969,4,Coat,0.5601
3970,4,Coat,0.4342
3971,1,Trouser,1.0
3972,5,Sandal,1.0
3973,3,Dress,0.4985
3974,3,Dress,0.6988
3975,5,Sandal,1.0
3976,8,Bag,1.0
3977,7,Sneaker,0.8635
3978,7,Sneaker,0.8673
3979,7,Sneaker,1.0
3980,2,Pullover,1.0
3981,7,Sneaker,0.8612
3982,5,Sandal,1.0
3983,3,Dress,1.0
3984,2,Pullover,0.3918
3985,2,Pullover,1.0
3986,0,T-shirt/top,0.8662
3987,4,Coat,1.0
3988,4,Coat,0.7131
3989,9,Ankle boot,1.0
3990,9,Ankle boot,1.0
3991,5,Sandal,1.0
3992,8,Bag,1.0
3993,0,T-shirt/top,1.0
3994,4,Coat,1.0
3995,4,Coat,0.865
3996,1,Trouser,1.0
3997,3,Dress,1.0
3998,7,Sneaker,1.0
3999,9,Ankle boot,1.0
4000,0,T-shirt/top,0.8631
4001,0,T-shirt/top,0.8665
4002,9,Ankle boot,1.0
4003,8,Bag,1.0
4004,5,Sandal,1.0
4005,3,Dress,0.6955
4006,0,T-shirt/top,1.0
4007,7,Sneaker,1.0
4008,1,Trouser,1.0
4009,9,Ankle boot,1.0
4010,7,Sneaker,1.0
4011,8,Bag,1.0
4012,4,Coat,0.5899
4013,0,T-shirt/top,0.6952
4014,9,Ankle boot,1.0
4015,9,Ankle boot,1.0
4016,1,Trouser,1.0
4017,2,Pullover,1.0
4018,2,Pullover,0.5521
4019,6,Shirt,0.4207
4020,2,Pullover,1.0
4021,4,Coat,0.7128
4022,7,Sneaker,0.5711
4023,1,Trouser,1.0
4024,0,T-shirt/top,0.712
4025,2,Pullover,0.7248
4026,8,Bag,1.0
4027,3,Dress,1.0
4028,4,Coat,0.7208
4029,8,Bag,1.0
4030,3,Dress,0.716
4031,2,Pullover,0.7173
4032,0,T-shirt/top,1.0
4033,0,T-shirt/top,1.0
4034,3,Dress,1.0
4035,6,Shirt,0.8615
4036,7,Sneaker,1.0
4037,4,Coat,0.8638
4038,4,Coat,1.0
4039,1,Trouser,1.0
4040,5,Sandal,0.5758
4041,3,Dress,0.6112
4042,0,T-shirt/top,0.8609
4043,7,Sneaker,1.0
4044,9,Ankle boot,1.0
4045,9,Ankle boot,1.0
4046,1,Trouser,1.0
4047,9,Ankle boot,0.5716
4048,5,Sandal,1.0
4049,9,Ankle boot,1.0
4050,1,Trouser,1.0
4051,4,Coat,1.0
4052,6,Shirt,0.7208
4053,1,Trouser,1.0
4054,4,Coat,0.5697
4055,8,Bag,1.0
4056,4,Coat,0.8441
4057,5,Sandal,1.0
4058,7,Sneaker,0.5744
4059,8,Bag,1.0
4060,0,T-shirt/top,1.0
4061,4,Coat,0.7234
4062,2,Pullover,1.0
4063,7,Sneaker,1.0
4064,2,Pullover,1.0
4065,7,Sneaker,0.5624
4066,5,Sandal,1.0
4067,0,T-shirt/top,0.7174
4068,8,Bag,1.0
4069,7,Sneaker,1.0
4070,8,Bag,1.0
4071,8,Bag,0.5869
4072,4,Coat,1.0
4073,9,Ankle boot,0.8825
4074,2,Pullover,1.0
4075,5,Sandal,1.0
4076,5,Sandal,0.5758
4077,9,Ankle boot,1.0
4078,9,Ankle boot,1.0
4079,4,Coat,0.7194
4080,4,Coat,0.861
4081,2,Pullover,0.7195
4082,0,T-shirt/top,0.5822
4083,6,Shirt,0.7189
4084,6,Shirt,0.5658
4085,8,Bag,1.0
4086,7,Sneaker,1.0
4087,6,Shirt,0.8574
4088,6,Shirt,0.7249
4089,7,Sneaker,1.0
4090,5,Sandal,0.8602
4091,2,Pullover,1.0
4092,9,Ankle boot,0.8661
4093,0,T-shirt/top,0.7213
4094,3,Dress,1.0
4095,4,Coat,1.0
4096,4,Coat,1.0
4097,8,Bag,1.0
4098,4,Coat,1.0
4099,0,T-shirt/top,0.8703
4100,2,Pullover,0.6055
4101,7,Sneaker,0.7093
4102,0,T-shirt/top,0.5478
4103,5,Sandal,1.0
4104,6,Shirt,0.2981
4105,6,Shirt,0.5983
4106,4,Coat,0.8701
4107,8,Bag,1.0
4108,0,T-shirt/top,0.8626
4109,6,Shirt,0.5785
4110,2,Pullover,1.0
4111,0,T-shirt/top,1.0
4112,2,Pullover,0.8633
4113,5,Sandal,1.0
4114,5,Sandal,1.0
4115,8,Bag,1.0
4116,0,T-shirt/top,1.0
4117,7,Sneaker,1.0
4118,0,T-shirt/top,1.0
4119,8,Bag,1.0
4120,9,Ankle boot,1.0
4121,0,T-shirt/top,1.0
4122,2,Pullover,1.0
4123,1,Trouser,1.0
4124,2,Pullover,0.5668
4125,5,Sandal,1.0
4126,1,Trouser,1.0
4127,0,T-shirt/top,0.7187
4128,2,Pullover,1.0
4129,9,Ankle boot,1.0
4130,6,Shirt,1.0
4131,4,Coat,0.8506
4132,9,Ankle boot,1.0
4133,9,Ankle boot,1.0
4134,1,Trouser,1.0
4135,4,Coat,0.7248
4136,3,Dress,0.7111
4137,1,Trouser,1.0
4138,6,Shirt,0.5354
4139,8,Bag,1.0
4140,6,Shirt,0.5492
4141,3,Dress,1.0
4142,3,Dress,0.4233
4143,6,Shirt,0.582
4144,2,Pullover,1.0
4145,6,Shirt,0.4313
4146,2,Pullover,0.9151
4147,3,Dress,1.0
4148,6,Shirt,0.4251
4149,5,Sandal,0.7034
4150,2,Pullover,1.0
4151,3,Dress,1.0
4152,6,Shirt,0.5733
4153,0,T-shirt/top,0.5705
4154,8,Bag,0.8663
4155,5,Sandal,1.0
4156,4,Coat,1.0
4157,6,Shirt,0.5759
4158,1,Trouser,1.0
4159,0,T-shirt/top,0.4463
4160,2,Pullover,1.0
4161,2,Pullover,0.8588
4162,6,Shirt,0.8596
4163,7,Sneaker,1.0
4164,9,Ankle boot,1.0
4165,6,Shirt,1.0
4166,2,Pullover,0.7156
4167,4,Coat,0.5526
4168,3,Dress,0.8604
4169,0,T-shirt/top,0.5493
4170,8,Bag,1.0
4171,5,Sandal,1.0
4172,4,Coat,1.0
4173,4,Coat,0.8581
4174,0,T-shirt/top,1.0
4175,3,Dress,1.0
4176,3,Dress,1.0
4177,5,Sandal,1.0
4178,2,Pullover,0.8603
4179,5,Sandal,1.0
4180,1,Trouser,1.0
4181,5,Sandal,1.0
4182,5,Sandal,1.0
4183,1,Trouser,1.0
4184,9,Ankle boot,0.8559
4185,5,Sandal,0.7325
4186,2,Pullover,1.0
4187,1,Trouser,0.7152
4188,8,Bag,1.0
4189,8,Bag,1.0
4190,0,T-shirt/top,1.0
4191,9,Ankle boot,1.0
4192,0,T-shirt/top,0.7013
4193,0,T-shirt/top,0.8652
4194,0,T-shirt/top,0.4465
4195,3,Dress,1.0
4196,2,Pullover,0.7375
4197,1,Trouser,1.0
4198,8,Bag,1.0
4199,3,Dress,1.0
4200,4,Coat,1.0
4201,2,Pullover,1.0
4202,1,Trouser,1.0
4203,2,Pullover,1.0
4204,0,T-shirt/top,0.7292
4205,3,Dress,1.0
4206,0,T-shirt/top,0.594
4207,8,Bag,1.0
4208,5,Sandal,1.0
4209,1,Trouser,1.0
4210,5,Sandal,0.8596
4211,0,T-shirt/top,1.0
4212,2,Pullover,1.0
4213,0,T-shirt/top,0.5532
4214,3,Dress,1.0
4215,9,Ankle boot,1.0
4216,8,Bag,1.0
4217,2,Pullover,0.5727
4218,8,Bag,1.0
4219,1,Trouser,1.0
4220,0,T-shirt/top,1.0
4221,2,Pullover,0.8694
4222,6,Shirt,1.0
4223,2,Pullover,1.0
4224,0,T-shirt/top,0.6067
4225,3,Dress,1.0
4226,7,Sneaker,0.8514
4227,5,Sandal,1.0
4228,0,T-shirt/top,1.0
4229,6,Shirt,1.0
4230,2,Pullover,1.0
4231,0,T-shirt/top,1.0
4232,8,Bag,1.0
4233,2,Pullover,0.7285
4234,2,Pullover,0.863
4235,1,Trouser,1.0
4236,8,Bag,1.0
4237,2,Pullover,0.4368
4238,8,Bag,1.0
4239,2,Pullover,1.0
4240,9,Ankle boot,1.0
4241,2,Pullover,1.0
4242,6,Shirt,1.0
4243,8,Bag,1.0
4244,5,Sandal,1.0
4245,2,Pullover,1.0
4246,7,Sneaker,1.0
4247,3,Dress,1.0
4248,2,Pullover,0.8578
4249,6,Shirt,0.7147
4250,6,Shirt,0.7272
4251,0,T-shirt/top,0.8601
4252,6,Shirt,1.0
4253,8,Bag,1.0
4254,5,Sandal,1.0
4255,2,Pullover,1.0
4256,1,Trouser,1.0
4257,5,Sandal,0.8693
4258,2,Pullover,1.0
4259,8,Bag,1.0
4260,2,Pullover,1.0
4261,9,Ankle boot,1.0
4262,3,Dress,0.3827
4263,6,Shirt,1.0
4264,4,Coat,0.5777
4265,6,Shirt,1.0
4266,4,Coat,0.8651
4267,2,Pullover,0.5843
4268,7,Sneaker,1.0
4269,7,Sneaker,0.8677
4270,9,Ankle boot,1.0
4271,0,T-shirt/top,0.5771
4272,2,Pullover,0.8593
4273,9,Ankle boot,1.0
4274,8,Bag,0.4248
4275,1,Trouser,0.4303
4276,5,Sandal,1.0
4277,8,Bag,1.0
4278,7,Sneaker,1.0
4279,7,Sneaker,1.0
4280,0,T-shirt/top,0.8619
4281,7,Sneaker,1.0
4282,7,Sneaker,1.0
4283,0,T-shirt/top,1.0
4284,7,Sneaker,1.0
4285,7,Sneaker,1.0
4286,2,Pullover,0.8507
4287,9,Ankle boot,1.0
4288,7,Sneaker,1.0
4289,4,Coat,0.73
4290,2,Pullover,0.8494
4291,2,Pullover,1.0
4292,3,Dress,0.7025
4293,8,Bag,1.0
4294,0,T-shirt/top,0.8663
4295,1,Trouser,1.0
4296,9,Ankle boot,1.0
4297,8,Bag,1.0
4298,0,T-shirt/top,1.0
4299,6,Shirt,0.7024
4300,2,Pullover,0.5749
4301,8,Bag,1.0
4302,3,Dress,0.8599
4303,8,Bag,1.0
4304,0,T-shirt/top,0.7238
4305,7,Sneaker,0.867
4306,6,Shirt,0.5721
4307,3,Dress,0.8674
4308,3,Dress,1.0
4309,8,Bag,1.0
4310,1,Trouser,1.0
4311,3,Dress,1.0
4312,8,Bag,1.0
4313,7,Sneaker,1.0
4314,3,Dress,1.0
4315,0,T-shirt/top,0.8661
4316,3,Dress,1.0
4317,4,Coat,0.5725
4318,8,Bag,1.0
4319,8,Bag,1.0
4320,9,Ankle boot,1.0
4321,1,Trouser,1.0
4322,3,Dress,1.0
4323,2,Pullover,1.0
4324,1,Trouser,1.0
4325,4,Coat,1.0
4326,8,Bag,1.0
4327,6,Shirt,0.6071
4328,4,Coat,0.5886
4329,6,Shirt,0.5736
4330,7,Sneaker,0.8599
4331,3,Dress,0.8664
4332,9,Ankle boot,1.0
4333,4,Coat,0.8568
4334,9,Ankle boot,1.0
4335,0,T-shirt/top,1.0
4336,4,Coat,1.0
4337,6,Shirt,0.7215
4338,5,Sandal,1.0
4339,7,Sneaker,1.0
4340,0,T-shirt/top,1.0
4341,8,Bag,1.0
4342,1,Trouser,1.0
4343,7,Sneaker,1.0
4344,5,Sandal,1.0
4345,4,Coat,1.0
4346,9,Ankle boot,1.0
4347,5,Sandal,1.0
4348,7,Sneaker,1.0
4349,3,Dress,1.0
4350,2,Pullover,1.0
4351,0,T-shirt/top,1.0
4352,9,Ankle boot,1.0
4353,8,Bag,1.0
4354,7,Sneaker,0.8619
4355,3,Dress,1.0
4356,7,Sneaker,1.0
4357,7,Sneaker,1.0
4358,4,Coat,0.7082
4359,7,Sneaker,0.6016
4360,5,Sandal,1.0
4361,8,Bag,1.0
4362,5,Sandal,1.0
4363,4,Coat,0.4313
4364,4,Coat,0.8606
4365,6,Shirt,0.5694
4366,2,Pullover,1.0
4367,3,Dress,1.0
4368,8,Bag,1.0
4369,9,Ankle boot,1.0
4370,7,Sneaker,1.0
4371,1,Trouser,1.0
4372,3,Dress,1.0
4373,4,Coat,1.0
4374,2,Pullover,1.0
4375,9,Ankle boot,1.0
4376,7,Sneaker,1.0
4377,1,Trouser,1.0
4378,2,Pullover,1.0
4379,2,Pullover,1.0
4380,6,Shirt,0.5697
4381,0,T-shirt/top,0.8519
4382,5,Sandal,0.736
4383,5,Sandal,1.0
4384,4,Coat,1.0
4385,5,Sandal,1.0
4386,2,Pullover,1.0
4387,8,Bag,1.0
4388,9,Ankle boot,1.0
4389,2,Pullover,0.8585
4390,9,Ankle boot,1.0
4391,9,Ankle boot,0.8465
4392,2,Pullover,0.5653
4393,4,Coat,0.8638
4394,3,Dress,0.7132
4395,1,Trouser,1.0
4396,5,Sandal,0.8661
4397,5,Sandal,1.0
4398,5,Sandal,0.8645
4399,6,Shirt,0.5964
4400,8,Bag,1.0
4401,1,Trouser,1.0
4402,5,Sandal,1.0
4403,7,Sneaker,0.7162
4404,7,Sneaker,0.5804
4405,7,Sneaker,0.8255
4406,9,Ankle boot,1.0
4407,8,Bag,1.0
4408,3,Dress,1.0
4409,1,Trouser,1.0
4410,1,Trouser,1.0
4411,2,Pullover,1.0
4412,6,Shirt,1.0
4413,6,Shirt,1.0
4414,9,Ankle boot,0.8678
4415,3,Dress,1.0
4416,6,Shirt,0.5724
4417,4,Coat,0.5599
4418,2,Pullover,0.5874
4419,8,Bag,1.0
4420,6,Shirt,0.5721
4421,5,Sandal,1.0
4422,6,Shirt,0.5801
4423,9,Ankle boot,1.0
4424,0,T-shirt/top,0.7151
4425,2,Pullover,1.0
4426,8,Bag,1.0
4427,4,Coat,1.0
4428,8,Bag,1.0
4429,6,Shirt,0.8579
4430,3,Dress,0.848
4431,6,Shirt,1.0
4432,1,Trouser,1.0
4433,4,Coat,0.8469
4434,3,Dress,1.0
4435,3,Dress,1.0
4436,8,Bag,1.0
4437,4,Coat,0.8684
4438,9,Ankle boot,1.0
4439,9,Ankle boot,1.0
4440,0,T-shirt/top,1.0
4441,7,Sneaker,1.0
4442,9,Ankle boot,1.0
4443,5,Sandal,1.0
4444,3,Dress,1.0
4445,1,Trouser,1.0
4446,7,Sneaker,1.0
4447,2,Pullover,1.0
4448,8,Bag,1.0
4449,4,Coat,0.5735
4450,9,Ankle boot,1.0
4451,0,T-shirt/top,0.4125
4452,1,Trouser,1.0
4453,6,Shirt,1.0
4454,0,T-shirt/top,1.0
4455,5,Sandal,1.0
4456,8,Bag,0.8615
4457,1,Trouser,1.0
4458,9,Ankle boot,1.0
4459,3,Dress,1.0
4460,0,T-shirt/top,0.5829
4461,8,Bag,1.0
4462,3,Dress,1.0
4463,8,Bag,1.0
4464,4,Coat,0.877
4465,2,Pullover,0.7161
4466,5,Sandal,1.0
4467,6,Shirt,1.0
4468,9,Ankle boot,1.0
4469,0,T-shirt/top,0.8581
4470,1,Trouser,1.0
4471,4,Coat,0.7126
4472,0,T-shirt/top,0.8566
4473,7,Sneaker,1.0
4474,9,Ankle boot,1.0
4475,0,T-shirt/top,1.0
4476,1,Trouser,1.0
4477,3,Dress,1.0
4478,9,Ankle boot,1.0
4479,5,Sandal,1.0
4480,1,Trouser,1.0
4481,4,Coat,0.5625
4482,1,Trouser,1.0
4483,1,Trouser,1.0
4484,4,Coat,0.7241
4485,8,Bag,1.0
4486,3,Dress,1.0
4487,9,Ankle boot,1.0
4488,5,Sandal,1.0
4489,4,Coat,1.0
4490,4,Coat,0.5753
4491,3,Dress,1.0
4492,7,Sneaker,1.0
4493,7,Sneaker,1.0
4494,7,Sneaker,1.0
4495,2,Pullover,0.8663
4496,3,Dress,1.0
4497,9,Ankle boot,1.0
4498,1,Trouser,1.0
4499,9,Ankle boot,1.0
4500,4,Coat,0.856
4501,4,Coat,0.8592
4502,0,T-shirt/top,1.0
4503,7,Sneaker,1.0
4504,6,Shirt,0.8575
4505,2,Pullover,0.556
4506,7,Sneaker,0.8574
4507,9,Ankle boot,1.0
4508,6,Shirt,0.5765
4509,3,Dress,0.4448
4510,4,Coat,0.8551
4511,9,Ankle boot,1.0
4512,0,T-shirt/top,1.0
4513,4,Coat,0.8696
4514,0,T-shirt/top,0.8385
4515,4,Coat,0.4406
4516,7,Sneaker,1.0
4517,9,Ankle boot,1.0
4518,6,Shirt,1.0
4519,1,Trouser,1.0
4520,1,Trouser,1.0
4521,2,Pullover,1.0
4522,0,T-shirt/top,1.0
4523,8,Bag,1.0
4524,8,Bag,1.0
4525,7,Sneaker,0.8636
4526,6,Shirt,0.7132
4527,4,Coat,0.5631
4528,7,Sneaker,1.0
4529,5,Sandal,0.7043
4530,7,Sneaker,1.0
4531,6,Shirt,1.0
4532,1,Trouser,1.0
4533,8,Bag,1.0
4534,1,Trouser,1.0
4535,4,Coat,1.0
4536,9,Ankle boot,1.0
4537,8,Bag,1.0
4538,9,Ankle boot,1.0
4539,0,T-shirt/top,0.4362
4540,1,Trouser,1.0
4541,0,T-shirt/top,0.8553
4542,2,Pullover,0.5477
4543,0,T-shirt/top,0.8504
4544,3,Dress,1.0
4545,0,T-shirt/top,0.8577
4546,6,Shirt,0.8619
4547,4,Coat,0.8548
4548,1,Trouser,1.0
4549,9,Ankle boot,1.0
4550,7,Sneaker,1.0
4551,1,Trouser,1.0
4552,2,Pullover,0.8633
4553,2,Pullover,0.8595
4554,5,Sandal,1.0
4555,3,Dress,1.0
4556,4,Coat,1.0
4557,1,Trouser,1.0
4558,7,Sneaker,1.0
4559,4,Coat,0.8474
4560,7,Sneaker,1.0
4561,0,T-shirt/top,0.8459
4562,2,Pullover,0.4355
4563,8,Bag,1.0
4564,8,Bag,1.0
4565,1,Trouser,1.0
4566,4,Coat,0.8662
4567,9,Ankle boot,1.0
4568,7,Sneaker,0.5694
4569,6,Shirt,0.7177
4570,3,Dress,0.5912
4571,4,Coat,0.8616
4572,9,Ankle boot,1.0
4573,3,Dress,1.0
4574,9,Ankle boot,1.0
4575,8,Bag,1.0
4576,5,Sandal,1.0
4577,3,Dress,1.0
4578,8,Bag,1.0
4579,4,Coat,0.8631
4580,7,Sneaker,1.0
4581,1,Trouser,1.0
4582,4,Coat,1.0
4583,1,Trouser,1.0
4584,9,Ankle boot,1.0
4585,4,Coat,0.7088
4586,8,Bag,1.0
4587,3,Dress,0.5769
4588,2,Pullover,0.8497
4589,4,Coat,1.0
4590,8,Bag,1.0
4591,1,Trouser,1.0
4592,1,Trouser,1.0
4593,5,Sandal,1.0
4594,8,Bag,1.0
4595,6,Shirt,0.863
4596,1,Trouser,1.0
4597,6,Shirt,0.7048
4598,2,Pullover,1.0
4599,9,Ankle boot,1.0
4600,0,T-shirt/top,0.8755
4601,9,Ankle boot,1.0
4602,5,Sandal,1.0
4603,3,Dress,1.0
4604,5,Sandal,1.0
4605,6,Shirt,0.5648
4606,6,Shirt,1.0
4607,5,Sandal,1.0
4608,6,Shirt,0.8604
4609,8,Bag,1.0
4610,3,Dress,1.0
4611,8,Bag,1.0
4612,0,T-shirt/top,1.0
4613,2,Pullover,1.0
4614,9,Ankle boot,1.0
4615,9,Ankle boot,1.0
4616,1,Trouser,1.0
4617,5,Sandal,1.0
4618,3,Dress,0.8865
4619,2,Pullover,1.0
4620,6,Shirt,1.0
4621,5,Sandal,1.0
4622,3,Dress,1.0
4623,6,Shirt,0.7137
4624,3,Dress,0.5903
4625,0,T-shirt/top,0.7136
4626,7,Sneaker,1.0
4627,4,Coat,1.0
4628,0,T-shirt/top,1.0
4629,2,Pullover,0.7151
4630,1,Trouser,1.0
4631,9,Ankle boot,1.0
4632,5,Sandal,1.0
4633,1,Trouser,1.0
4634,7,Sneaker,1.0
4635,5,Sandal,1.0
4636,5,Sandal,1.0
4637,5,Sandal,1.0
4638,9,Ankle boot,0.731
4639,6,Shirt,0.436
4640,8,Bag,1.0
4641,4,Coat,0.5771
4642,6,Shirt,0.5753
4643,0,T-shirt/top,0.5503
4644,4,Coat,1.0
4645,6,Shirt,1.0
4646,2,Pullover,0.8507
4647,1,Trouser,1.0
4648,1,Trouser,1.0
4649,4,Coat,0.8735
4650,2,Pullover,0.8607
4651,8,Bag,1.0
4652,4,Coat,0.5742
4653,9,Ankle boot,1.0
4654,0,T-shirt/top,1.0
4655,5,Sandal,1.0
4656,8,Bag,1.0
4657,1,Trouser,1.0
4658,3,Dress,0.5745
4659,8,Bag,1.0
4660,3,Dress,1.0
4661,2,Pullover,1.0
4662,3,Dress,0.5605
4663,8,Bag,1.0
4664,4,Coat,0.5619
4665,0,T-shirt/top,0.5642
4666,9,Ankle boot,1.0
4667,3,Dress,1.0
4668,6,Shirt,0.5651
4669,9,Ankle boot,1.0
4670,7,Sneaker,1.0
4671,2,Pullover,0.5851
4672,2,Pullover,0.4291
4673,2,Pullover,1.0
4674,3,Dress,0.2919
4675,8,Bag,1.0
4676,9,Ankle boot,1.0
4677,6,Shirt,1.0
4678,1,Trouser,1.0
4679,4,Coat,1.0
4680,7,Sneaker,1.0
4681,7,Sneaker,0.5764
4682,9,Ankle boot,1.0
4683,7,Sneaker,1.0
4684,3,Dress,0.5714
4685,6,Shirt,0.4095
4686,9,Ankle boot,1.0
4687,2,Pullover,0.5761
4688,7,Sneaker,1.0
4689,3,Dress,1.0
4690,0,T-shirt/top,1.0
4691,2,Pullover,1.0
4692,6,Shirt,0.8569
4693,9,Ankle boot,1.0
4694,2,Pullover,0.8516
4695,3,Dress,0.8713
4696,3,Dress,1.0
4697,1,Trouser,1.0
4698,9,Ankle boot,1.0
4699,5,Sandal,1.0
4700,8,Bag,1.0
4701,2,Pullover,1.0
4702,3,Dress,0.8681
4703,5,Sandal,1.0
4704,0,T-shirt/top,1.0
4705,0,T-shirt/top,0.7708
4706,4,Coat,1.0
4707,5,Sandal,1.0
4708,8,Bag,1.0
4709,3,Dress,1.0
4710,5,Sandal,1.0
4711,0,T-shirt/top,0.5609
4712,7,Sneaker,1.0
4713,7,Sneaker,1.0
4714,6,Shirt,1.0
4715,0,T-shirt/top,1.0
4716,9,Ankle boot,1.0
4717,5,Sandal,0.5744
4718,1,Trouser,1.0
4719,4,Coat,0.8545
4720,4,Coat,0.8707
4721,5,Sandal,1.0
4722,3,Dress,1.0
4723,0,T-shirt/top,0.7258
4724,6,Shirt,1.0
4725,1,Trouser,1.0
4726,4,Coat,0.57
4727,0,T-shirt/top,0.8551
4728,5,Sandal,1.0
4729,4,Coat,0.8698
4730,8,Bag,1.0
4731,5,Sandal,0.8617
4732,7,Sneaker,0.8669
4733,3,Dress,0.8609
4734,0,T-shirt/top,0.8684
4735,8,Bag,1.0
4736,3,Dress,0.5791
4737,5,Sandal,1.0
4738,4,Coat,1.0
4739,4,Coat,0.8682
4740,9,Ankle boot,1.0
4741,8,Bag,1.0
4742,9,Ankle boot,0.7111
4743,9,Ankle boot,1.0
4744,8,Bag,0.8567
4745,1,Trouser,1.0
4746,7,Sneaker,0.5619
4747,5,Sandal,1.0
4748,0,T-shirt/top,0.8573
4749,1,Trouser,1.0
4750,5,Sandal,1.0
4751,3,Dress,0.5815
4752,3,Dress,1.0
4753,3,Dress,1.0
4754,3,Dress,0.8621
4755,4,Coat,1.0
4756,4,Coat,0.5797
4757,3,Dress,0.8652
4758,1,Trouser,0.7211
4759,7,Sneaker,1.0
4760,8,Bag,1.0
4761,0,T-shirt/top,1.0
4762,9,Ankle boot,1.0
4763,6,Shirt,0.4278
4764,3,Dress,0.5853
4765,0,T-shirt/top,1.0
4766,4,Coat,0.8696
4767,4,Coat,0.4416
4768,7,Sneaker,1.0
4769,3,Dress,0.8435
4770,5,Sandal,1.0
4771,7,Sneaker,1.0
4772,3,Dress,1.0
4773,7,Sneaker,1.0
4774,8,Bag,1.0
4775,4,Coat,0.7535
4776,6,Shirt,1.0
4777,6,Shirt,0.5797
4778,2,Pullover,1.0
4779,3,Dress,1.0
4780,1,Trouser,1.0
4781,0,T-shirt/top,1.0
4782,7,Sneaker,1.0
4783,5,Sandal,0.4392
4784,2,Pullover,0.6054
4785,6,Shirt,1.0
4786,4,Coat,0.4399
4787,1,Trouser,1.0
4788,1,Trouser,1.0
4789,4,Coat,0.5614
4790,7,Sneaker,1.0
4791,2,Pullover,0.7147
4792,3,Dress,1.0
4793,5,Sandal,1.0
4794,5,Sandal,1.0
4795,0,T-shirt/top,0.8586
4796,4,Coat,0.8439
4797,2,Pullover,0.425
4798,4,Coat,0.5974
4799,8,Bag,1.0
4800,9,Ankle boot,1.0
4801,9,Ankle boot,1.0
4802,2,Pullover,0.5625
4803,0,T-shirt/top,1.0
4804,9,Ankle boot,1.0
4805,8,Bag,1.0
4806,3,Dress,0.8564
4807,5,Sandal,1.0
4808,3,Dress,1.0
4809,1,Trouser,1.0
4810,4,Coat,0.7044
4811,5,Sandal,1.0
4812,0,T-shirt/top,1.0
4813,1,Trouser,1.0
4814,8,Bag,1.0
4815,5,Sandal,1.0
4816,8,Bag,1.0
4817,4,Coat,0.8561
4818,0,T-shirt/top,1.0
4819,7,Sneaker,1.0
4820,8,Bag,1.0
4821,9,Ankle boot,1.0
4822,2,Pullover,1.0
4823,4,Coat,0.8613
4824,6,Shirt,0.7168
4825,3,Dress,0.5844
4826,2,Pullover,0.5674
4827,6,Shirt,0.5601
4828,2,Pullover,0.4459
4829,7,Sneaker,0.4186
4830,9,Ankle boot,1.0
4831,1,Trouser,1.0
4832,9,Ankle boot,1.0
4833,7,Sneaker,1.0
4834,4,Coat,0.8582
4835,5,Sandal,1.0
4836,2,Pullover,0.8643
4837,3,Dress,1.0
4838,2,Pullover,1.0
4839,4,Coat,0.5871
4840,5,Sandal,1.0
4841,6,Shirt,1.0
4842,6,Shirt,0.714
4843,5,Sandal,1.0
4844,8,Bag,1.0
4845,6,Shirt,0.5687
4846,2,Pullover,0.5785
4847,2,Pullover,0.6741
4848,9,Ankle boot,1.0
4849,4,Coat,0.8597
4850,7,Sneaker,0.5664
4851,8,Bag,1.0
4852,0,T-shirt/top,0.5696
4853,0,T-shirt/top,1.0
4854,2,Pullover,1.0
4855,7,Sneaker,1.0
4856,7,Sneaker,1.0
4857,5,Sandal,0.8733
4858,9,Ankle boot,1.0
4859,7,Sneaker,0.8647
4860,7,Sneaker,1.0
4861,3,Dress,1.0
4862,8,Bag,1.0
4863,7,Sneaker,1.0
4864,5,Sandal,1.0
4865,9,Ankle boot,1.0
4866,9,Ankle boot,0.864
4867,8,Bag,1.0
4868,2,Pullover,0.7117
4869,1,Trouser,1.0
4870,0,T-shirt/top,0.8575
4871,8,Bag,1.0
4872,0,T-shirt/top,1.0
4873,2,Pullover,1.0
4874,6,Shirt,1.0
4875,7,Sneaker,1.0
4876,9,Ankle boot,1.0
4877,2,Pullover,0.8555
4878,2,Pullover,0.8559
4879,5,Sandal,1.0
4880,4,Coat,0.7126
4881,3,Dress,1.0
4882,4,Coat,0.5621
4883,1,Trouser,1.0
4884,1,Trouser,1.0
4885,9,Ankle boot,0.8595
4886,0,T-shirt/top,0.7125
4887,5,Sandal,1.0
4888,5,Sandal,1.0
4889,4,Coat,1.0
4890,9,Ankle boot,1.0
4891,8,Bag,1.0
4892,9,Ankle boot,1.0
4893,0,T-shirt/top,0.7347
4894,5,Sandal,1.0
4895,4,Coat,1.0
4896,6,Shirt,0.5802
4897,0,T-shirt/top,0.5762
4898,5,Sandal,1.0
4899,7,Sneaker,1.0
4900,8,Bag,1.0
4901,4,Coat,0.8645
4902,8,Bag,1.0
4903,8,Bag,1.0
4904,7,Sneaker,0.7051
4905,4,Coat,0.7221
4906,9,Ankle boot,1.0
4907,3,Dress,1.0
4908,9,Ankle boot,1.0
4909,6,Shirt,1.0
4910,9,Ankle boot,1.0
4911,7,Sneaker,1.0
4912,3,Dress,1.0
4913,9,Ankle boot,1.0
4914,9,Ankle boot,1.0
4915,3,Dress,1.0
4916,6,Shirt,0.6895
4917,0,T-shirt/top,0.7049
4918,6,Shirt,0.7147
4919,8,Bag,1.0
4920,7,Sneaker,0.5075
4921,9,Ankle boot,1.0
4922,3,Dress,0.7227
4923,0,T-shirt/top,1.0
4924,3,Dress,0.435
4925,4,Coat,1.0
4926,1,Trouser,1.0
4927,0,T-shirt/top,1.0
4928,3,Dress,1.0
4929,8,Bag,1.0
4930,4,Coat,0.5585
4931,8,Bag,1.0
4932,4,Coat,0.8651
4933,4,Coat,1.0
4934,2,Pullover,0.4349
4935,3,Dress,1.0
4936,5,Sandal,0.6255
4937,9,Ankle boot,0.5702
4938,7,Sneaker,1.0
4939,8,Bag,1.0
4940,5,Sandal,1.0
4941,6,Shirt,0.7145
4942,3,Dress,1.0
4943,2,Pullover,1.0
4944,1,Trouser,1.0
4945,8,Bag,1.0
4946,3,Dress,0.7241
4947,8,Bag,1.0
4948,7,Sneaker,0.8595
4949,4,Coat,1.0
4950,2,Pullover,0.8691
4951,3,Dress,1.0
4952,0,T-shirt/top,1.0
4953,8,Bag,1.0
4954,3,Dress,0.7224
4955,3,Dress,1.0
4956,4,Coat,1.0
4957,9,Ankle boot,1.0
4958,0,T-shirt/top,0.8609
4959,9,Ankle boot,1.0
4960,9,Ankle boot,0.7247
4961,0,T-shirt/top,1.0
4962,1,Trouser,1.0
4963,8,Bag,1.0
4964,3,Dress,1.0
4965,0,T-shirt/top,0.742
4966,3,Dress,1.0
4967,8,Bag,1.0
4968,6,Shirt,1.0
4969,8,Bag,1.0
4970,5,Sandal,1.0
4971,1,Trouser,1.0
4972,3,Dress,1.0
4973,6,Shirt,0.7169
4974,1,Trouser,1.0
4975,9,Ankle boot,1.0
4976,3,Dress,1.0
4977,5,Sandal,1.0
4978,0,T-shirt/top,1.0
4979,4,Coat,0.5587
4980,2,Pullover,0.5555
4981,3,Dress,0.694
4982,1,Trouser,1.0
4983,5,Sandal,1.0
4984,3,Dress,1.0
4985,2,Pullover,0.5819
4986,8,Bag,1.0
4987,5,Sandal,1.0
4988,7,Sneaker,1.0
4989,8,Bag,1.0
4990,0,T-shirt/top,0.8491
4991,1,Trouser,1.0
4992,1,Trouser,1.0
4993,0,T-shirt/top,0.5773
4994,6,Shirt,0.7235
4995,2,Pullover,0.8537
4996,7,Sneaker,0.8594
4997,9,Ankle boot,1.0
4998,0,T-shirt/top,0.9304
4999,7,Sneaker,1.0
5000,2,Pullover,0.8643
5001,3,Dress,1.0
5002,6,Shirt,0.4775
5003,4,Coat,1.0
5004,6,Shirt,1.0
5005,3,Dress,1.0
5006,1,Trouser,0.841
5007,9,Ankle boot,1.0
5008,4,Coat,1.0
5009,9,Ankle boot,0.7134
5010,0,T-shirt/top,1.0
5011,8,Bag,1.0
5012,3,Dress,0.4291
5013,5,Sandal,1.0
5014,6,Shirt,0.7287
5015,2,Pullover,0.6443
5016,0,T-shirt/top,1.0
5017,1,Trouser,1.0
5018,3,Dress,1.0
5019,9,Ankle boot,1.0
5020,4,Coat,0.8667
5021,2,Pullover,0.8386
5022,5,Sandal,1.0
5023,0,T-shirt/top,0.5739
5024,5,Sandal,0.864
5025,3,Dress,0.7159
5026,6,Shirt,0.4264
5027,5,Sandal,1.0
5028,6,Shirt,0.7234
5029,0,T-shirt/top,1.0
5030,0,T-shirt/top,0.8583
5031,0,T-shirt/top,1.0
5032,6,Shirt,0.8739
5033,9,Ankle boot,1.0
5034,1,Trouser,1.0
5035,3,Dress,1.0
5036,4,Coat,0.5732
5037,3,Dress,1.0
5038,5,Sandal,1.0
5039,5,Sandal,0.5708
5040,6,Shirt,1.0
5041,6,Shirt,0.8613
5042,1,Trouser,1.0
5043,4,Coat,1.0
5044,9,Ankle boot,1.0
5045,7,Sneaker,0.7117
5046,4,Coat,0.5655
5047,4,Coat,0.8618
5048,7,Sneaker,1.0
5049,5,Sandal,1.0
5050,7,Sneaker,0.8617
5051,1,Trouser,1.0
5052,4,Coat,0.7097
5053,8,Bag,1.0
5054,7,Sneaker,1.0
5055,9,Ankle boot,1.0
5056,5,Sandal,0.4485
5057,7,Sneaker,0.8585
5058,0,T-shirt/top,1.0
5059,2,Pullover,1.0
5060,9,Ankle boot,1.0
5061,2,Pullover,1.0
5062,5,Sandal,1.0
5063,0,T-shirt/top,1.0
5064,7,Sneaker,1.0
5065,8,Bag,0.8503
5066,4,Coat,0.8499
5067,5,Sandal,1.0
5068,2,Pullover,1.0
5069,9,Ankle boot,1.0
5070,3,Dress,0.6871
5071,3,Dress,1.0
5072,2,Pullover,0.5696
5073,5,Sandal,1.0
5074,9,Ankle boot,1.0
5075,4,Coat,0.5665
5076,5,Sandal,1.0
5077,7,Sneaker,1.0
5078,7,Sneaker,1.0
5079,3,Dress,1.0
5080,8,Bag,1.0
5081,3,Dress,1.0
5082,9,Ankle boot,0.8365
5083,4,Coat,0.5663
5084,7,Sneaker,0.5621
5085,3,Dress,1.0
5086,6,Shirt,0.5615
5087,7,Sneaker,1.0
5088,0,T-shirt/top,0.6884
5089,9,Ankle boot,1.0
5090,5,Sandal,1.0
5091,1,Trouser,1.0
5092,3,Dress,1.0
5093,6,Shirt,1.0
5094,9,Ankle boot,1.0
5095,3,Dress,1.0
5096,4,Coat,0.709
5097,4,Coat,0.576
5098,5,Sandal,1.0
5099,3,Dress,1.0
5100,4,Coat,0.4339
5101,9,Ankle boot,0.5721
5102,9,Ankle boot,1.0
5103,1,Trouser,1.0
5104,2,Pullover,1.0
5105,2,Pullover,0.8713
5106,2,Pullover,1.0
5107,4,Coat,0.5691
5108,3,Dress,0.5668
5109,8,Bag,1.0
5110,7,Sneaker,1.0
5111,9,Ankle boot,1.0
5112,9,Ankle boot,1.0
5113,4,Coat,0.8562
5114,8,Bag,1.0
5115,8,Bag,1.0
5116,9,Ankle boot,1.0
5117,0,T-shirt/top,1.0
5118,7,Sneaker,1.0
5119,0,T-shirt/top,1.0
5120,4,Coat,1.0
5121,4,Coat,0.5891
5122,8,Bag,1.0
5123,8,Bag,0.6942
5124,4,Coat,1.0
5125,2,Pullover,0.4546
5126,0,T-shirt/top,1.0
5127,1,Trouser,1.0
5128,4,Coat,0.5897
5129,0,T-shirt/top,0.5776
5130,2,Pullover,0.86
5131,1,Trouser,1.0
5132,5,Sandal,1.0
5133,4,Coat,0.8642
5134,6,Shirt,1.0
5135,6,Shirt,0.8241
5136,0,T-shirt/top,0.694
5137,3,Dress,1.0
5138,4,Coat,1.0
5139,5,Sandal,1.0
5140,6,Shirt,1.0
5141,8,Bag,1.0
5142,7,Sneaker,0.8586
5143,6,Shirt,0.8581
5144,6,Shirt,0.5873
5145,3,Dress,1.0
5146,1,Trouser,1.0
5147,8,Bag,1.0
5148,4,Coat,0.2935
5149,8,Bag,1.0
5150,9,Ankle boot,1.0
5151,9,Ankle boot,1.0
5152,5,Sandal,1.0
5153,5,Sandal,1.0
5154,8,Bag,1.0
5155,2,Pullover,1.0
5156,5,Sandal,1.0
5157,4,Coat,1.0
5158,4,Coat,1.0
5159,2,Pullover,1.0
5160,5,Sandal,1.0
5161,6,Shirt,0.5718
5162,9,Ankle boot,1.0
5163,2,Pullover,0.8365
5164,9,Ankle boot,0.8619
5165,1,Trouser,1.0
5166,0,T-shirt/top,0.7308
5167,6,Shirt,0.5807
5168,4,Coat,1.0
5169,6,Shirt,1.0
5170,9,Ankle boot,1.0
5171,8,Bag,1.0
5172,0,T-shirt/top,0.4435
5173,4,Coat,0.8577
5174,9,Ankle boot,1.0
5175,1,Trouser,1.0
5176,9,Ankle boot,1.0
5177,2,Pullover,1.0
5178,7,Sneaker,0.7051
5179,3,Dress,1.0
5180,5,Sandal,1.0
5181,4,Coat,1.0
5182,3,Dress,1.0
5183,4,Coat,1.0
5184,6,Shirt,0.592
5185,1,Trouser,1.0
5186,0,T-shirt/top,0.8557
5187,2,Pullover,1.0
5188,4,Coat,0.8691
5189,3,Dress,0.5713
5190,7,Sneaker,1.0
5191,8,Bag,1.0
5192,4,Coat,0.7202
5193,5,Sandal,0.8633
5194,5,Sandal,1.0
5195,9,Ankle boot,1.0
5196,0,T-shirt/top,1.0
5197,6,Shirt,0.7203
5198,3,Dress,1.0
5199,4,Coat,1.0
5200,5,Sandal,1.0
5201,5,Sandal,1.0
5202,5,Sandal,0.7119
5203,7,Sneaker,1.0
5204,6,Shirt,0.7088
5205,1,Trouser,1.0
5206,3,Dress,1.0
5207,3,Dress,1.0
5208,7,Sneaker,1.0
5209,0,T-shirt/top,0.853
5210,7,Sneaker,0.7178
5211,7,Sneaker,1.0
5212,6,Shirt,1.0
5213,8,Bag,1.0
5214,3,Dress,1.0
5215,5,Sandal,1.0
5216,5,Sandal,1.0
5217,8,Bag,1.0
5218,1,Trouser,1.0
5219,9,Ankle boot,1.0
5220,4,Coat,0.7212
5221,0,T-shirt/top,0.7194
5222,2,Pullover,0.4342
5223,2,Pullover,0.7384
5224,1,Trouser,1.0
5225,6,Shirt,1.0
5226,0,T-shirt/top,0.8454
5227,1,Trouser,1.0
5228,6,Shirt,0.4278
5229,5,Sandal,0.8626
5230,0,T-shirt/top,0.8653
5231,8,Bag,0.8573
5232,1,Trouser,1.0
5233,1,Trouser,1.0
5234,7,Sneaker,1.0
5235,5,Sandal,0.8617
5236,2,Pullover,0.8646
5237,5,Sandal,1.0
5238,9,Ankle boot,1.0
5239,0,T-shirt/top,1.0
5240,8,Bag,1.0
5241,3,Dress,0.6932
5242,4,Coat,0.7207
5243,4,Coat,0.7057
5244,4,Coat,1.0
5245,7,Sneaker,1.0
5246,0,T-shirt/top,1.0
5247,7,Sneaker,1.0
5248,3,Dress,0.7149
5249,3,Dress,0.5668
5250,2,Pullover,1.0
5251,3,Dress,1.0
5252,7,Sneaker,1.0
5253,1,Trouser,1.0
5254,6,Shirt,1.0
5255,2,Pullover,1.0
5256,3,Dress,1.0
5257,4,Coat,0.5723
5258,0,T-shirt/top,1.0
5259,0,T-shirt/top,1.0
5260,2,Pullover,0.8618
5261,4,Coat,1.0
5262,8,Bag,1.0
5263,7,Sneaker,1.0
5264,6,Shirt,0.5766
5265,3,Dress,1.0
5266,6,Shirt,0.6023
5267,4,Coat,0.7205
5268,7,Sneaker,1.0
5269,3,Dress,1.0
5270,4,Coat,0.2869
5271,6,Shirt,1.0
5272,0,T-shirt/top,0.4258
5273,2,Pullover,1.0
5274,4,Coat,0.5752
5275,4,Coat,1.0
5276,1,Trouser,1.0
5277,8,Bag,1.0
5278,1,Trouser,1.0
5279,9,Ankle boot,1.0
5280,1,Trouser,1.0
5281,2,Pullover,1.0
5282,2,Pullover,0.7167
5283,4,Coat,1.0
5284,2,Pullover,0.7055
5285,9,Ankle boot,0.6827
5286,3,Dress,1.0
5287,3,Dress,1.0
5288,5,Sandal,1.0
5289,3,Dress,1.0
5290,5,Sandal,1.0
5291,8,Bag,1.0
5292,3,Dress,1.0
5293,9,Ankle boot,1.0
5294,7,Sneaker,1.0
5295,3,Dress,1.0
5296,0,T-shirt/top,1.0
5297,0,T-shirt/top,0.8611
5298,1,Trouser,1.0
5299,0,T-shirt/top,0.8641
5300,1,Trouser,1.0
5301,0,T-shirt/top,0.8545
5302,7,Sneaker,1.0
5303,7,Sneaker,1.0
5304,6,Shirt,0.4271
5305,8,Bag,1.0
5306,9,Ankle boot,1.0
5307,6,Shirt,0.5757
5308,1,Trouser,1.0
5309,5,Sandal,1.0
5310,4,Coat,0.8631
5311,9,Ankle boot,1.0
5312,4,Coat,1.0
5313,7,Sneaker,1.0
5314,9,Ankle boot,1.0
5315,9,Ankle boot,1.0
5316,9,Ankle boot,1.0
5317,0,T-shirt/top,0.8701
5318,1,Trouser,1.0
5319,0,T-shirt/top,1.0
5320,9,Ankle boot,1.0
5321,9,Ankle boot,1.0
5322,5,Sandal,1.0
5323,1,Trouser,1.0
5324,7,Sneaker,1.0
5325,2,Pullover,0.6909
5326,9,Ankle boot,1.0
5327,3,Dress,0.8331
5328,5,Sandal,1.0
5329,6,Shirt,1.0
5330,8,Bag,1.0
5331,1,Trouser,1.0
5332,7,Sneaker,1.0
5333,3,Dress,0.8445
5334,3,Dress,1.0
5335,8,Bag,1.0
5336,4,Coat,1.0
5337,7,Sneaker,1.0
5338,8,Bag,0.8339
5339,8,Bag,1.0
5340,9,Ankle boot,1.0
5341,8,Bag,1.0
5342,8,Bag,1.0
5343,4,Coat,0.8584
5344,5,Sandal,1.0
5345,6,Shirt,0.5712
5346,4,Coat,1.0
5347,5,Sandal,1.0
5348,9,Ankle boot,1.0
5349,0,T-shirt/top,1.0
5350,0,T-shirt/top,1.0
5351,5,Sandal,1.0
5352,3,Dress,0.7225
5353,7,Sneaker,1.0
5354,7,Sneaker,1.0
5355,4,Coat,0.5661
5356,4,Coat,0.8631
5357,7,Sneaker,1.0
5358,4,Coat,1.0
5359,5,Sandal,1.0
5360,8,Bag,1.0
5361,3,Dress,1.0
5362,7,Sneaker,1.0
5363,2,Pullover,0.717
5364,7,Sneaker,1.0
5365,3,Dress,0.8576
5366,8,Bag,1.0
5367,8,Bag,1.0
5368,8,Bag,1.0
5369,7,Sneaker,1.0
5370,8,Bag,1.0
5371,6,Shirt,1.0
5372,0,T-shirt/top,1.0
5373,5,Sandal,1.0
5374,7,Sneaker,1.0
5375,9,Ankle boot,1.0
5376,8,Bag,1.0
5377,5,Sandal,1.0
5378,6,Shirt,0.8505
5379,0,T-shirt/top,1.0
5380,6,Shirt,0.577
5381,2,Pullover,0.6835
5382,4,Coat,0.5829
5383,2,Pullover,1.0
5384,8,Bag,1.0
5385,9,Ankle boot,1.0
5386,9,Ankle boot,1.0
5387,1,Trouser,1.0
5388,9,Ankle boot,1.0
5389,5,Sandal,0.8551
5390,8,Bag,1.0
5391,4,Coat,0.8466
5392,4,Coat,1.0
5393,8,Bag,0.2976
5394,4,Coat,1.0
5395,8,Bag,0.7211
5396,7,Sneaker,1.0
5397,4,Coat,0.8692
5398,8,Bag,1.0
5399,3,Dress,1.0
5400,0,T-shirt/top,1.0
5401,7,Sneaker,1.0
5402,8,Bag,1.0
5403,8,Bag,1.0
5404,3,Dress,0.7165
5405,9,Ankle boot,1.0
5406,9,Ankle boot,1.0
5407,5,Sandal,1.0
5408,9,Ankle boot,1.0
5409,2,Pullover,1.0
5410,6,Shirt,0.702
5411,9,Ankle boot,1.0
5412,7,Sneaker,1.0
5413,5,Sandal,1.0
5414,9,Ankle boot,0.7023
5415,4,Coat,0.8607
5416,9,Ankle boot,1.0
5417,9,Ankle boot,1.0
5418,2,Pullover,1.0
5419,3,Dress,1.0
5420,9,Ankle boot,1.0
5421,5,Sandal,1.0
5422,3,Dress,1.0
5423,5,Sandal,1.0
5424,3,Dress,1.0
5425,1,Trouser,1.0
5426,2,Pullover,0.5647
5427,9,Ankle boot,1.0
5428,1,Trouser,1.0
5429,6,Shirt,0.4295
5430,8,Bag,1.0
5431,5,Sandal,1.0
5432,1,Trouser,1.0
5433,7,Sneaker,1.0
5434,9,Ankle boot,1.0
5435,0,T-shirt/top,0.5642
5436,3,Dress,1.0
5437,3,Dress,0.8521
5438,6,Shirt,0.6731
5439,9,Ankle boot,1.0
5440,0,T-shirt/top,0.7208
5441,4,Coat,0.7273
5442,0,T-shirt/top,0.5656
5443,0,T-shirt/top,1.0
5444,0,T-shirt/top,0.693
5445,2,Pullover,1.0
5446,9,Ankle boot,1.0
5447,7,Sneaker,1.0
5448,1,Trouser,1.0
5449,9,Ankle boot,1.0
5450,8,Bag,1.0
5451,5,Sandal,1.0
5452,6,Shirt,1.0
5453,8,Bag,1.0
5454,5,Sandal,1.0
5455,9,Ankle boot,1.0
5456,5,Sandal,0.8621
5457,2,Pullover,1.0
5458,4,Coat,0.7323
5459,2,Pullover,0.7142
5460,5,Sandal,1.0
5461,2,Pullover,1.0
5462,2,Pullover,1.0
5463,5,Sandal,1.0
5464,4,Coat,0.7133
5465,2,Pullover,1.0
5466,7,Sneaker,1.0
5467,1,Trouser,1.0
5468,6,Shirt,0.6882
5469,6,Shirt,0.7313
5470,6,Shirt,0.7123
5471,6,Shirt,0.5782
5472,5,Sandal,1.0
5473,6,Shirt,0.8475
5474,2,Pullover,0.5828
5475,0,T-shirt/top,0.5775
5476,9,Ankle boot,1.0
5477,5,Sandal,1.0
5478,5,Sandal,1.0
5479,1,Trouser,1.0
5480,7,Sneaker,0.6787
5481,2,Pullover,1.0
5482,4,Coat,0.7272
5483,4,Coat,0.8608
5484,2,Pullover,0.5559
5485,4,Coat,1.0
5486,1,Trouser,1.0
5487,9,Ankle boot,1.0
5488,0,T-shirt/top,0.8553
5489,7,Sneaker,1.0
5490,2,Pullover,1.0
5491,7,Sneaker,1.0
5492,4,Coat,0.576
5493,2,Pullover,1.0
5494,9,Ankle boot,1.0
5495,7,Sneaker,1.0
5496,4,Coat,1.0
5497,4,Coat,0.5582
5498,6,Shirt,0.576
5499,1,Trouser,1.0
5500,7,Sneaker,1.0
5501,1,Trouser,1.0
5502,4,Coat,1.0
5503,7,Sneaker,1.0
5504,0,T-shirt/top,0.5872
5505,1,Trouser,1.0
5506,7,Sneaker,1.0
5507,3,Dress,1.0
5508,0,T-shirt/top,1.0
5509,3,Dress,1.0
5510,2,Pullover,0.4363
5511,6,Shirt,0.6872
5512,6,Shirt,0.2881
5513,0,T-shirt/top,1.0
5514,4,Coat,1.0
5515,1,Trouser,1.0
5516,7,Sneaker,1.0
5517,9,Ankle boot,0.8638
5518,0,T-shirt/top,0.8561
5519,2,Pullover,0.5842
5520,9,Ankle boot,0.5774
5521,2,Pullover,1.0
5522,0,T-shirt/top,0.8564
5523,7,Sneaker,1.0
5524,1,Trouser,1.0
5525,9,Ankle boot,1.0
5526,5,Sandal,0.8603
5527,2,Pullover,1.0
5528,9,Ankle boot,1.0
5529,8,Bag,1.0
5530,2,Pullover,0.8689
5531,4,Coat,1.0
5532,0,T-shirt/top,1.0
5533,3,Dress,1.0
5534,3,Dress,1.0
5535,2,Pullover,1.0
5536,2,Pullover,1.0
5537,8,Bag,1.0
5538,1,Trouser,0.8626
5539,0,T-shirt/top,0.8657
5540,8,Bag,1.0
5541,1,Trouser,1.0
5542,8,Bag,1.0
5543,1,Trouser,1.0
5544,0,T-shirt/top,1.0
5545,1,Trouser,1.0
5546,6,Shirt,0.5676
5547,7,Sneaker,1.0
5548,3,Dress,0.7155
5549,7,Sneaker,1.0
5550,7,Sneaker,1.0
5551,3,Dress,1.0
5552,3,Dress,1.0
5553,9,Ankle boot,1.0
5554,9,Ankle boot,1.0
5555,0,T-shirt/top,1.0
5556,8,Bag,0.7207
5557,2,Pullover,0.5814
5558,5,Sandal,1.0
5559,8,Bag,1.0
5560,9,Ankle boot,1.0
5561,5,Sandal,0.5694
5562,3,Dress,0.8444
5563,7,Sneaker,0.5539
5564,4,Coat,0.8563
5565,1,Trouser,1.0
5566,0,T-shirt/top,0.5659
5567,9,Ankle boot,1.0
5568,2,Pullover,0.7316
5569,3,Dress,0.5561
5570,2,Pullover,1.0
5571,6,Shirt,1.0
5572,1,Trouser,1.0
5573,8,Bag,1.0
5574,1,Trouser,1.0
5575,4,Coat,0.5753
5576,4,Coat,0.5803
5577,0,T-shirt/top,1.0
5578,2,Pullover,0.712
5579,1,Trouser,1.0
5580,7,Sneaker,1.0
5581,0,T-shirt/top,1.0
5582,5,Sandal,1.0
5583,4,Coat,0.575
5584,5,Sandal,1.0
5585,3,Dress,1.0
5586,0,T-shirt/top,0.5695
5587,2,Pullover,0.7079
5588,1,Trouser,1.0
5589,6,Shirt,0.8652
5590,0,T-shirt/top,1.0
5591,7,Sneaker,1.0
5592,6,Shirt,0.566
5593,6,Shirt,0.8644
5594,2,Pullover,1.0
5595,3,Dress,0.8602
5596,6,Shirt,0.8983
5597,3,Dress,0.7125
5598,7,Sneaker,0.5753
5599,2,Pullover,1.0
5600,9,Ankle boot,1.0
5601,6,Shirt,0.5841
5602,8,Bag,1.0
5603,0,T-shirt/top,1.0
5604,4,Coat,0.7225
5605,4,Coat,0.4278
5606,0,T-shirt/top,0.8694
5607,1,Trouser,1.0
5608,7,Sneaker,1.0
5609,5,Sandal,1.0
5610,3,Dress,0.5511
5611,3,Dress,1.0
5612,3,Dress,1.0
5613,2,Pullover,0.7184
5614,0,T-shirt/top,0.7141
5615,3,Dress,1.0
5616,5,Sandal,1.0
5617,2,Pullover,0.8634
5618,6,Shirt,0.8598
5619,2,Pullover,0.7268
5620,5,Sandal,1.0
5621,1,Trouser,1.0
5622,4,Coat,0.8597
5623,2,Pullover,0.7065
5624,2,Pullover,1.0
5625,1,Trouser,1.0
5626,9,Ankle boot,1.0
5627,4,Coat,0.5775
5628,4,Coat,0.5902
5629,6,Shirt,1.0
5630,9,Ankle boot,1.0
5631,5,Sandal,0.8585
5632,8,Bag,1.0
5633,0,T-shirt/top,0.8618
5634,6,Shirt,0.7289
5635,3,Dress,1.0
5636,6,Shirt,0.8671
5637,0,T-shirt/top,1.0
5638,8,Bag,1.0
5639,1,Trouser,1.0
5640,2,Pullover,1.0
5641,3,Dress,1.0
5642,3,Dress,1.0
5643,1,Trouser,1.0
5644,5,Sandal,1.0
5645,5,Sandal,1.0
5646,3,Dress,1.0
5647,2,Pullover,0.8559
5648,6,Shirt,0.862
5649,7,Sneaker,1.0
5650,1,Trouser,1.0
5651,3,Dress,1.0
5652,6,Shirt,0.5684
5653,3,Dress,1.0
5654,0,T-shirt/top,0.4133
5655,6,Shirt,0.4618
5656,2,Pullover,1.0
5657,4,Coat,0.7167
5658,8,Bag,1.0
5659,0,T-shirt/top,0.7093
5660,8,Bag,1.0
5661,8,Bag,1.0
5662,7,Sneaker,1.0
5663,0,T-shirt/top,1.0
5664,3,Dress,1.0
5665,1,Trouser,1.0
5666,3,Dress,0.7265
5667,8,Bag,1.0
5668,3,Dress,1.0
5669,4,Coat,0.5929
5670,1,Trouser,1.0
5671,2,Pullover,0.7335
5672,6,Shirt,0.7221
5673,3,Dress,0.4485
5674,6,Shirt,0.7235
5675,7,Sneaker,1.0
5676,7,Sneaker,1.0
5677,8,Bag,1.0
5678,3,Dress,1.0
5679,0,T-shirt/top,0.3009
5680,9,Ankle boot,1.0
5681,5,Sandal,1.0
5682,6,Shirt,0.5662
5683,6,Shirt,0.8614
5684,9,Ankle boot,1.0
5685,9,Ankle boot,1.0
5686,4,Coat,1.0
5687,3,Dress,0.7068
5688,8,Bag,1.0
5689,7,Sneaker,0.5649
5690,3,Dress,1.0
5691,8,Bag,1.0
5692,3,Dress,1.0
5693,7,Sneaker,1.0
5694,9,Ankle boot,1.0
5695,0,T-shirt/top,1.0
5696,2,Pullover,1.0
5697,5,Sandal,1.0
5698,1,Trouser,1.0
5699,0,T-shirt/top,1.0
5700,5,Sandal,1.0
5701,6,Shirt,0.8235
5702,3,Dress,1.0
5703,9,Ankle boot,0.8517
5704,7,Sneaker,0.8559
5705,9,Ankle boot,1.0
5706,6,Shirt,1.0
5707,0,T-shirt/top,0.8558
5708,7,Sneaker,1.0
5709,1,Trouser,1.0
5710,2,Pullover,0.5841
5711,0,T-shirt/top,1.0
5712,8,Bag,1.0
5713,6,Shirt,0.7073
5714,2,Pullover,0.8691
5715,2,Pullover,1.0
5716,7,Sneaker,0.8576
5717,8,Bag,1.0
5718,2,Pullover,0.4253
5719,2,Pullover,0.8474
5720,4,Coat,0.711
5721,6,Shirt,0.6935
5722,9,Ankle boot,1.0
5723,7,Sneaker,1.0
5724,3,Dress,1.0
5725,2,Pullover,0.8669
5726,5,Sandal,1.0
5727,4,Coat,0.8578
5728,5,Sandal,1.0
5729,1,Trouser,1.0
5730,9,Ankle boot,1.0
5731,5,Sandal,1.0
5732,0,T-shirt/top,1.0
5733,5,Sandal,1.0
5734,6,Shirt,0.5791
5735,4,Coat,0.5669
5736,1,Trouser,1.0
5737,7,Sneaker,0.8621
5738,9,Ankle boot,1.0
5739,0,T-shirt/top,0.5793
5740,3,Dress,0.8578
5741,3,Dress,1.0
5742,4,Coat,0.5607
5743,9,Ankle boot,1.0
5744,1,Trouser,1.0
5745,3,Dress,0.3047
5746,3,Dress,0.7069
5747,9,Ankle boot,1.0
5748,5,Sandal,1.0
5749,6,Shirt,0.8465
5750,8,Bag,1.0
5751,2,Pullover,1.0
5752,2,Pullover,1.0
5753,1,Trouser,1.0
5754,4,Coat,1.0
5755,0,T-shirt/top,1.0
5756,6,Shirt,0.7157
5757,7,Sneaker,1.0
5758,9,Ankle boot,1.0
5759,0,T-shirt/top,0.8609
5760,1,Trouser,0.4515
5761,3,Dress,0.8668
5762,4,Coat,0.5994
5763,3,Dress,0.7287
5764,6,Shirt,0.7357
5765,9,Ankle boot,1.0
5766,8,Bag,1.0
5767,1,Trouser,1.0
5768,3,Dress,1.0
5769,7,Sneaker,1.0
5770,3,Dress,1.0
5771,9,Ankle boot,1.0
5772,9,Ankle boot,1.0
5773,9,Ankle boot,0.4316
5774,4,Coat,1.0
5775,2,Pullover,0.7086
5776,3,Dress,1.0
5777,2,Pullover,0.8494
5778,8,Bag,1.0
5779,8,Bag,1.0
5780,5,Sandal,1.0
5781,5,Sandal,1.0
5782,1,Trouser,1.0
5783,8,Bag,1.0
5784,8,Bag,1.0
5785,5,Sandal,1.0
5786,7,Sneaker,0.8616
5787,9,Ankle boot,1.0
5788,9,Ankle boot,1.0
5789,3,Dress,1.0
5790,4,Coat,1.0
5791,4,Coat,0.8583
5792,2,Pullover,0.5696
5793,7,Sneaker,1.0
5794,9,Ankle boot,1.0
5795,4,Coat,0.7181
5796,6,Shirt,0.5809
5797,7,Sneaker,0.872
5798,5,Sandal,1.0
5799,4,Coat,1.0
5800,7,Sneaker,1.0
5801,6,Shirt,1.0
5802,1,Trouser,1.0
5803,4,Coat,1.0
5804,2,Pullover,0.8517
5805,2,Pullover,1.0
5806,0,T-shirt/top,0.8516
5807,9,Ankle boot,1.0
5808,0,T-shirt/top,0.8625
5809,0,T-shirt/top,0.5727
5810,5,Sandal,1.0
5811,1,Trouser,1.0
5812,1,Trouser,1.0
5813,7,Sneaker,1.0
5814,8,Bag,1.0
5815,3,Dress,1.0
5816,6,Shirt,0.5798
5817,6,Shirt,1.0
5818,2,Pullover,1.0
5819,0,T-shirt/top,1.0
5820,0,T-shirt/top,0.5791
5821,4,Coat,1.0
5822,9,Ankle boot,1.0
5823,5,Sandal,1.0
5824,2,Pullover,1.0
5825,4,Coat,0.4353
5826,6,Shirt,0.7127
5827,4,Coat,0.5743
5828,6,Shirt,0.565
5829,1,Trouser,1.0
5830,5,Sandal,1.0
5831,2,Pullover,1.0
5832,7,Sneaker,1.0
5833,8,Bag,1.0
5834,6,Shirt,0.8595
5835,7,Sneaker,1.0
5836,7,Sneaker,1.0
5837,0,T-shirt/top,1.0
5838,8,Bag,1.0
5839,4,Coat,0.8632
5840,0,T-shirt/top,0.6808
5841,6,Shirt,1.0
5842,9,Ankle boot,1.0
5843,1,Trouser,1.0
5844,2,Pullover,1.0
5845,1,Trouser,1.0
5846,7,Sneaker,1.0
5847,4,Coat,0.8432
5848,3,Dress,1.0
5849,6,Shirt,0.5646
5850,9,Ankle boot,1.0
5851,9,Ankle boot,1.0
5852,2,Pullover,0.5592
5853,6,Shirt,0.5805
5854,4,Coat,0.8683
5855,3,Dress,1.0
5856,0,T-shirt/top,0.5634
5857,5,Sandal,1.0
5858,7,Sneaker,1.0
5859,5,Sandal,1.0
5860,2,Pullover,0.6825
5861,7,Sneaker,1.0
5862,8,Bag,1.0
5863,9,Ankle boot,1.0
5864,9,Ankle boot,1.0
5865,4,Coat,0.567
5866,7,Sneaker,1.0
5867,8,Bag,1.0
5868,7,Sneaker,1.0
5869,7,Sneaker,1.0
5870,5,Sandal,1.0
5871,8,Bag,1.0
5872,7,Sneaker,1.0
5873,6,Shirt,1.0
5874,4,Coat,0.592
5875,9,Ankle boot,1.0
5876,0,T-shirt/top,1.0
5877,1,Trouser,1.0
5878,8,Bag,1.0
5879,7,Sneaker,1.0
5880,9,Ankle boot,0.5703
5881,2,Pullover,0.4391
5882,5,Sandal,1.0
5883,3,Dress,0.58
5884,7,Sneaker,1.0
5885,2,Pullover,0.5597
5886,6,Shirt,1.0
5887,5,Sandal,1.0
5888,5,Sandal,0.8801
5889,6,Shirt,0.8647
5890,9,Ankle boot,1.0
5891,9,Ankle boot,1.0
5892,1,Trouser,1.0
5893,9,Ankle boot,1.0
5894,5,Sandal,1.0
5895,9,Ankle boot,1.0
5896,4,Coat,1.0
5897,4,Coat,1.0
5898,1,Trouser,1.0
5899,5,Sandal,0.591
5900,8,Bag,1.0
5901,3,Dress,1.0
5902,5,Sandal,1.0
5903,1,Trouser,1.0
5904,8,Bag,0.8256
5905,6,Shirt,1.0
5906,5,Sandal,1.0
5907,8,Bag,0.4276
5908,2,Pullover,1.0
5909,3,Dress,1.0
5910,7,Sneaker,0.8637
5911,1,Trouser,1.0
5912,1,Trouser,1.0
5913,1,Trouser,1.0
5914,8,Bag,1.0
5915,7,Sneaker,1.0
5916,5,Sandal,0.5756
5917,6,Shirt,1.0
5918,3,Dress,1.0
5919,4,Coat,1.0
5920,7,Sneaker,1.0
5921,0,T-shirt/top,1.0
5922,0,T-shirt/top,1.0
5923,5,Sandal,1.0
5924,3,Dress,0.8532
5925,4,Coat,1.0
5926,8,Bag,1.0
5927,6,Shirt,0.7084
5928,5,Sandal,1.0
5929,2,Pullover,0.5855
5930,7,Sneaker,1.0
5931,3,Dress,0.5767
5932,2,Pullover,1.0
5933,3,Dress,1.0
5934,4,Coat,0.6997
5935,7,Sneaker,1.0
5936,8,Bag,1.0
5937,0,T-shirt/top,1.0
5938,7,Sneaker,1.0
5939,0,T-shirt/top,0.5444
5940,9,Ankle boot,1.0
5941,5,Sandal,1.0
5942,8,Bag,1.0
5943,0,T-shirt/top,0.7128
5944,7,Sneaker,1.0
5945,3,Dress,0.6904
5946,9,Ankle boot,0.8328
5947,0,T-shirt/top,1.0
5948,9,Ankle boot,1.0
5949,7,Sneaker,1.0
5950,3,Dress,1.0
5951,0,T-shirt/top,1.0
5952,0,T-shirt/top,0.7154
5953,5,Sandal,1.0
5954,7,Sneaker,1.0
5955,8,Bag,1.0
5956,2,Pullover,0.7143
5957,3,Dress,1.0
5958,1,Trouser,1.0
5959,9,Ankle boot,1.0
5960,0,T-shirt/top,1.0
5961,2,Pullover,1.0
5962,9,Ankle boot,0.8765
5963,1,Trouser,1.0
5964,3,Dress,1.0
5965,4,Coat,0.7453
5966,6,Shirt,0.4342
5967,3,Dress,0.5738
5968,6,Shirt,0.434
5969,6,Shirt,1.0
5970,2,Pullover,1.0
5971,4,Coat,0.8574
5972,8,Bag,1.0
5973,6,Shirt,1.0
5974,6,Shirt,0.8614
5975,9,Ankle boot,1.0
5976,5,Sandal,1.0
5977,6,Shirt,0.7021
5978,1,Trouser,1.0
5979,8,Bag,1.0
5980,2,Pullover,0.7099
5981,2,Pullover,0.5624
5982,1,Trouser,1.0
5983,6,Shirt,0.4351
5984,2,Pullover,0.7194
5985,9,Ankle boot,1.0
5986,4,Coat,0.8786
5987,3,Dress,1.0
5988,7,Sneaker,1.0
5989,9,Ankle boot,1.0
5990,0,T-shirt/top,0.4079
5991,3,Dress,1.0
5992,5,Sandal,0.5689
5993,2,Pullover,0.412
5994,5,Sandal,1.0
5995,9,Ankle boot,1.0
5996,8,Bag,1.0
5997,5,Sandal,1.0
5998,3,Dress,1.0
5999,0,T-shirt/top,1.0
6000,1,Trouser,1.0
6001,2,Pullover,1.0
6002,6,Shirt,0.7077
6003,4,Coat,0.86
6004,1,Trouser,1.0
6005,9,Ankle boot,1.0
6006,4,Coat,0.518
6007,3,Dress,0.6404
6008,0,T-shirt/top,0.5389
6009,5,Sandal,1.0
6010,5,Sandal,0.7329
6011,4,Coat,1.0
6012,3,Dress,0.7399
6013,2,Pullover,1.0
6014,0,T-shirt/top,0.8653
6015,1,Trouser,1.0
6016,4,Coat,0.8613
6017,9,Ankle boot,1.0
6018,9,Ankle boot,0.8596
6019,7,Sneaker,1.0
6020,0,T-shirt/top,0.7189
6021,1,Trouser,1.0
6022,2,Pullover,0.867
6023,6,Shirt,0.5628
6024,0,T-shirt/top,0.8619
6025,2,Pullover,0.8688
6026,6,Shirt,0.8676
6027,2,Pullover,0.5647
6028,5,Sandal,1.0
6029,9,Ankle boot,1.0
6030,4,Coat,0.5635
6031,8,Bag,1.0
6032,4,Coat,0.8673
6033,6,Shirt,1.0
6034,1,Trouser,1.0
6035,5,Sandal,1.0
6036,9,Ankle boot,1.0
6037,6,Shirt,0.5786
6038,1,Trouser,1.0
6039,8,Bag,0.4299
6040,9,Ankle boot,1.0
6041,3,Dress,1.0
6042,1,Trouser,1.0
6043,7,Sneaker,1.0
6044,1,Trouser,1.0
6045,1,Trouser,1.0
6046,1,Trouser,0.7394
6047,9,Ankle boot,1.0
6048,1,Trouser,1.0
6049,3,Dress,0.8775
6050,8,Bag,1.0
6051,9,Ankle boot,1.0
6052,9,Ankle boot,1.0
6053,1,Trouser,1.0
6054,9,Ankle boot,1.0
6055,6,Shirt,1.0
6056,0,T-shirt/top,1.0
6057,5,Sandal,1.0
6058,8,Bag,1.0
6059,5,Sandal,1.0
6060,5,Sandal,1.0
6061,5,Sandal,1.0
6062,3,Dress,1.0
6063,8,Bag,1.0
6064,9,Ankle boot,1.0
6065,8,Bag,0.4282
6066,7,Sneaker,1.0
6067,8,Bag,1.0
6068,2,Pullover,0.7117
6069,9,Ankle boot,1.0
6070,2,Pullover,1.0
6071,0,T-shirt/top,1.0
6072,1,Trouser,1.0
6073,5,Sandal,0.5641
6074,0,T-shirt/top,1.0
6075,7,Sneaker,1.0
6076,8,Bag,0.8697
6077,6,Shirt,0.7258
6078,0,T-shirt/top,1.0
6079,9,Ankle boot,1.0
6080,1,Trouser,1.0
6081,1,Trouser,1.0
6082,8,Bag,1.0
6083,2,Pullover,1.0
6084,8,Bag,1.0
6085,7,Sneaker,0.5808
6086,6,Shirt,0.552
6087,0,T-shirt/top,1.0
6088,7,Sneaker,0.8275
6089,2,Pullover,0.7225
6090,0,T-shirt/top,1.0
6091,0,T-shirt/top,1.0
6092,5,Sandal,1.0
6093,1,Trouser,1.0
6094,6,Shirt,0.4187
6095,8,Bag,1.0
6096,2,Pullover,0.5552
6097,3,Dress,1.0
6098,7,Sneaker,1.0
6099,4,Coat,0.4117
6100,1,Trouser,1.0
6101,9,Ankle boot,1.0
6102,7,Sneaker,1.0
6103,6,Shirt,0.8552
6104,1,Trouser,1.0
6105,3,Dress,1.0
6106,9,Ankle boot,1.0
6107,2,Pullover,0.6998
6108,4,Coat,0.8402
6109,0,T-shirt/top,1.0
6110,3,Dress,1.0
6111,7,Sneaker,1.0
6112,7,Sneaker,0.6529
6113,1,Trouser,1.0
6114,1,Trouser,1.0
6115,9,Ankle boot,1.0
6116,5,Sandal,1.0
6117,3,Dress,0.7183
6118,5,Sandal,0.5673
6119,4,Coat,0.8644
6120,6,Shirt,0.8413
6121,6,Shirt,1.0
6122,1,Trouser,1.0
6123,5,Sandal,1.0
6124,2,Pullover,0.7265
6125,1,Trouser,1.0
6126,0,T-shirt/top,0.5713
6127,2,Pullover,1.0
6128,5,Sandal,1.0
6129,9,Ankle boot,0.6919
6130,9,Ankle boot,1.0
6131,4,Coat,0.6236
6132,6,Shirt,0.4227
6133,4,Coat,1.0
6134,1,Trouser,1.0
6135,7,Sneaker,1.0
6136,9,Ankle boot,1.0
6137,0,T-shirt/top,1.0
6138,7,Sneaker,1.0
6139,7,Sneaker,1.0
6140,3,Dress,1.0
6141,3,Dress,1.0
6142,8,Bag,1.0
6143,4,Coat,1.0
6144,1,Trouser,1.0
6145,8,Bag,1.0
6146,2,Pullover,0.5651
6147,7,Sneaker,0.6789
6148,4,Coat,0.7236
6149,4,Coat,0.5561
6150,8,Bag,1.0
6151,9,Ankle boot,1.0
6152,2,Pullover,0.7078
6153,9,Ankle boot,1.0
6154,3,Dress,1.0
6155,2,Pullover,0.7117
6156,4,Coat,0.5785
6157,1,Trouser,1.0
6158,1,Trouser,1.0
6159,0,T-shirt/top,0.6912
6160,4,Coat,0.849
6161,1,Trouser,1.0
6162,4,Coat,0.5698
6163,7,Sneaker,0.5723
6164,8,Bag,1.0
6165,5,Sandal,1.0
6166,9,Ankle boot,1.0
6167,1,Trouser,1.0
6168,5,Sandal,0.5922
6169,0,T-shirt/top,0.5989
6170,9,Ankle boot,1.0
6171,3,Dress,0.7219
6172,2,Pullover,1.0
6173,1,Trouser,1.0
6174,7,Sneaker,1.0
6175,2,Pullover,0.5686
6176,9,Ankle boot,1.0
6177,8,Bag,1.0
6178,8,Bag,1.0
6179,9,Ankle boot,1.0
6180,5,Sandal,0.6021
6181,5,Sandal,1.0
6182,3,Dress,0.8582
6183,8,Bag,1.0
6184,2,Pullover,0.7228
6185,0,T-shirt/top,1.0
6186,3,Dress,1.0
6187,6,Shirt,1.0
6188,1,Trouser,1.0
6189,1,Trouser,1.0
6190,9,Ankle boot,1.0
6191,0,T-shirt/top,0.8485
6192,9,Ankle boot,1.0
6193,7,Sneaker,1.0
6194,5,Sandal,0.8726
6195,3,Dress,1.0
6196,2,Pullover,1.0
6197,9,Ankle boot,1.0
6198,5,Sandal,1.0
6199,5,Sandal,1.0
6200,4,Coat,0.8749
6201,6,Shirt,1.0
6202,9,Ankle boot,1.0
6203,9,Ankle boot,1.0
6204,3,Dress,1.0
6205,0,T-shirt/top,1.0
6206,6,Shirt,1.0
6207,4,Coat,0.8589
6208,1,Trouser,1.0
6209,7,Sneaker,0.8571
6210,4,Coat,1.0
6211,9,Ankle boot,1.0
6212,2,Pullover,0.5763
6213,8,Bag,1.0
6214,5,Sandal,1.0
6215,8,Bag,1.0
6216,6,Shirt,1.0
6217,0,T-shirt/top,1.0
6218,1,Trouser,1.0
6219,3,Dress,1.0
6220,4,Coat,0.7191
6221,2,Pullover,1.0
6222,3,Dress,1.0
6223,0,T-shirt/top,0.5578
6224,6,Shirt,1.0
6225,0,T-shirt/top,0.8635
6226,2,Pullover,0.7194
6227,8,Bag,1.0
6228,3,Dress,1.0
6229,2,Pullover,0.8659
6230,6,Shirt,0.4316
6231,6,Shirt,0.5585
6232,1,Trouser,1.0
6233,8,Bag,1.0
6234,4,Coat,0.8751
6235,5,Sandal,1.0
6236,2,Pullover,0.5313
6237,2,Pullover,0.7197
6238,3,Dress,1.0
6239,9,Ankle boot,1.0
6240,2,Pullover,0.5765
6241,4,Coat,0.7248
6242,4,Coat,0.8569
6243,4,Coat,0.7234
6244,5,Sandal,1.0
6245,2,Pullover,1.0
6246,2,Pullover,1.0
6247,7,Sneaker,1.0
6248,3,Dress,0.7184
6249,7,Sneaker,1.0
6250,3,Dress,1.0
6251,3,Dress,0.8004
6252,6,Shirt,1.0
6253,9,Ankle boot,1.0
6254,4,Coat,0.5622
6255,8,Bag,1.0
6256,5,Sandal,1.0
6257,6,Shirt,1.0
6258,0,T-shirt/top,0.7307
6259,3,Dress,1.0
6260,6,Shirt,1.0
6261,7,Sneaker,1.0
6262,2,Pullover,0.4325
6263,5,Sandal,1.0
6264,3,Dress,1.0
6265,1,Trouser,1.0
6266,1,Trouser,1.0
6267,9,Ankle boot,1.0
6268,7,Sneaker,1.0
6269,5,Sandal,1.0
6270,4,Coat,0.8648
6271,2,Pullover,1.0
6272,1,Trouser,1.0
6273,6,Shirt,1.0
6274,4,Coat,0.7229
6275,5,Sandal,1.0
6276,9,Ankle boot,1.0
6277,2,Pullover,0.8269
6278,5,Sandal,1.0
6279,5,Sandal,1.0
6280,4,Coat,0.5734
6281,3,Dress,1.0
6282,0,T-shirt/top,1.0
6283,9,Ankle boot,1.0
6284,2,Pullover,1.0
6285,4,Coat,1.0
6286,6,Shirt,0.4088
6287,3,Dress,1.0
6288,4,Coat,0.4288
6289,4,Coat,0.715
6290,9,Ankle boot,0.7386
6291,2,Pullover,1.0
6292,3,Dress,0.8551
6293,0,T-shirt/top,0.4349
6294,3,Dress,0.7108
6295,2,Pullover,1.0
6296,0,T-shirt/top,0.7148
6297,4,Coat,0.7083
6298,1,Trouser,1.0
6299,3,Dress,0.4279
6300,9,Ankle boot,0.5842
6301,2,Pullover,1.0
6302,4,Coat,1.0
6303,2,Pullover,1.0
6304,2,Pullover,1.0
6305,3,Dress,1.0
6306,2,Pullover,1.0
6307,3,Dress,1.0
6308,0,T-shirt/top,1.0
6309,8,Bag,1.0
6310,3,Dress,0.8721
6311,5,Sandal,1.0
6312,1,Trouser,1.0
6313,2,Pullover,0.5859
6314,8,Bag,0.8751
6315,8,Bag,1.0
6316,2,Pullover,1.0
6317,1,Trouser,1.0
6318,2,Pullover,1.0
6319,1,Trouser,1.0
6320,1,Trouser,1.0
6321,9,Ankle boot,1.0
6322,6,Shirt,1.0
6323,5,Sandal,0.5696
6324,9,Ankle boot,1.0
6325,0,T-shirt/top,0.559
6326,8,Bag,1.0
6327,0,T-shirt/top,1.0
6328,3,Dress,1.0
6329,4,Coat,0.5836
6330,3,Dress,1.0
6331,8,Bag,1.0
6332,3,Dress,1.0
6333,7,Sneaker,1.0
6334,5,Sandal,1.0
6335,2,Pullover,0.4268
6336,1,Trouser,1.0
6337,1,Trouser,1.0
6338,2,Pullover,1.0
6339,0,T-shirt/top,0.8534
6340,5,Sandal,1.0
6341,5,Sandal,1.0
6342,0,T-shirt/top,1.0
6343,1,Trouser,1.0
6344,0,T-shirt/top,0.5818
6345,5,Sandal,1.0
6346,2,Pullover,1.0
6347,8,Bag,1.0
6348,9,Ankle boot,1.0
6349,7,Sneaker,1.0
6350,9,Ankle boot,1.0
6351,1,Trouser,1.0
6352,1,Trouser,1.0
6353,3,Dress,1.0
6354,3,Dress,1.0
6355,5,Sandal,1.0
6356,0,T-shirt/top,0.5578
6357,7,Sneaker,1.0
6358,5,Sandal,0.6974
6359,9,Ankle boot,1.0
6360,4,Coat,0.8573
6361,9,Ankle boot,1.0
6362,3,Dress,0.855
6363,6,Shirt,0.7215
6364,6,Shirt,1.0
6365,2,Pullover,0.43
6366,8,Bag,1.0
6367,5,Sandal,0.7282
6368,6,Shirt,0.7222
6369,5,Sandal,1.0
6370,9,Ankle boot,1.0
6371,8,Bag,1.0
6372,3,Dress,1.0
6373,8,Bag,1.0
6374,1,Trouser,1.0
6375,3,Dress,1.0
6376,1,Trouser,1.0
6377,3,Dress,0.691
6378,5,Sandal,1.0
6379,2,Pullover,0.7087
6380,5,Sandal,1.0
6381,6,Shirt,0.7008
6382,4,Coat,1.0
6383,9,Ankle boot,1.0
6384,6,Shirt,0.7243
6385,7,Sneaker,1.0
6386,1,Trouser,1.0
6387,4,Coat,1.0
6388,8,Bag,1.0
6389,3,Dress,1.0
6390,7,Sneaker,1.0
6391,7,Sneaker,1.0
6392,6,Shirt,1.0
6393,7,Sneaker,1.0
6394,9,Ankle boot,1.0
6395,4,Coat,0.8526
6396,7,Sneaker,1.0
6397,7,Sneaker,1.0
6398,0,T-shirt/top,1.0
6399,1,Trouser,1.0
6400,6,Shirt,0.859
6401,1,Trouser,1.0
6402,2,Pullover,0.582
6403,8,Bag,1.0
6404,4,Coat,0.4255
6405,2,Pullover,0.5758
6406,7,Sneaker,1.0
6407,4,Coat,0.8437
6408,7,Sneaker,1.0
6409,1,Trouser,1.0
6410,8,Bag,1.0
6411,7,Sneaker,1.0
6412,5,Sandal,0.4308
6413,1,Trouser,1.0
6414,3,Dress,1.0
6415,1,Trouser,1.0
6416,0,T-shirt/top,0.86
6417,3,Dress,1.0
6418,6,Shirt,0.5772
6419,5,Sandal,1.0
6420,3,Dress,0.6983
6421,8,Bag,1.0
6422,6,Shirt,0.7023
6423,3,Dress,0.8651
6424,4,Coat,1.0
6425,9,Ankle boot,1.0
6426,3,Dress,0.8634
6427,1,Trouser,1.0
6428,5,Sandal,1.0
6429,3,Dress,1.0
6430,6,Shirt,0.5818
6431,7,Sneaker,1.0
6432,0,T-shirt/top,0.8461
6433,6,Shirt,0.7203
6434,4,Coat,0.858
6435,5,Sandal,1.0
6436,1,Trouser,1.0
6437,6,Shirt,0.4291
6438,6,Shirt,1.0
6439,2,Pullover,0.5796
6440,8,Bag,1.0
6441,8,Bag,0.4342
6442,9,Ankle boot,1.0
6443,8,Bag,1.0
6444,0,T-shirt/top,0.7131
6445,7,Sneaker,0.7264
6446,2,Pullover,1.0
6447,6,Shirt,0.5683
6448,2,Pullover,1.0
6449,5,Sandal,1.0
6450,1,Trouser,1.0
6451,9,Ankle boot,1.0
6452,4,Coat,0.4294
6453,3,Dress,0.8585
6454,8,Bag,1.0
6455,7,Sneaker,1.0
6456,1,Trouser,1.0
6457,8,Bag,1.0
6458,1,Trouser,1.0
6459,2,Pullover,1.0
6460,0,T-shirt/top,1.0
6461,9,Ankle boot,1.0
6462,2,Pullover,1.0
6463,4,Coat,0.7104
6464,4,Coat,0.8377
6465,4,Coat,1.0
6466,6,Shirt,0.6958
6467,1,Trouser,1.0
6468,3,Dress,1.0
6469,5,Sandal,1.0
6470,2,Pullover,0.7167
6471,9,Ankle boot,1.0
6472,7,Sneaker,0.8541
6473,5,Sandal,1.0
6474,3,Dress,0.7155
6475,7,Sneaker,1.0
6476,5,Sandal,0.5807
6477,5,Sandal,1.0
6478,6,Shirt,0.7215
6479,4,Coat,1.0
6480,8,Bag,1.0
6481,0,T-shirt/top,1.0
6482,7,Sneaker,1.0
6483,0,T-shirt/top,1.0
6484,8,Bag,1.0
6485,0,T-shirt/top,0.7163
6486,2,Pullover,1.0
6487,1,Trouser,1.0
6488,7,Sneaker,0.7191
6489,7,Sneaker,1.0
6490,7,Sneaker,1.0
6491,3,Dress,0.7257
6492,8,Bag,1.0
6493,0,T-shirt/top,1.0
6494,3,Dress,1.0
6495,0,T-shirt/top,0.8491
6496,9,Ankle boot,1.0
6497,8,Bag,1.0
6498,5,Sandal,1.0
6499,6,Shirt,0.7026
6500,2,Pullover,0.7166
6501,8,Bag,1.0
6502,1,Trouser,1.0
6503,7,Sneaker,0.5477
6504,5,Sandal,1.0
6505,7,Sneaker,0.8661
6506,0,T-shirt/top,1.0
6507,1,Trouser,1.0
6508,6,Shirt,1.0
6509,1,Trouser,1.0
6510,3,Dress,1.0
6511,2,Pullover,0.7266
6512,6,Shirt,0.5703
6513,2,Pullover,0.7212
6514,2,Pullover,0.8545
6515,1,Trouser,1.0
6516,7,Sneaker,1.0
6517,4,Coat,0.7215
6518,4,Coat,0.5757
6519,2,Pullover,1.0
6520,6,Shirt,1.0
6521,1,Trouser,1.0
6522,8,Bag,1.0
6523,2,Pullover,1.0
6524,2,Pullover,0.8497
6525,6,Shirt,0.8604
6526,3,Dress,1.0
6527,0,T-shirt/top,1.0
6528,8,Bag,1.0
6529,8,Bag,1.0
6530,4,Coat,1.0
6531,4,Coat,0.5737
6532,2,Pullover,1.0
6533,0,T-shirt/top,1.0
6534,7,Sneaker,1.0
6535,0,T-shirt/top,1.0
6536,8,Bag,1.0
6537,9,Ankle boot,1.0
6538,1,Trouser,1.0
6539,4,Coat,0.7238
6540,6,Shirt,0.7188
6541,7,Sneaker,1.0
6542,0,T-shirt/top,0.5685
6543,8,Bag,1.0
6544,1,Trouser,1.0
6545,8,Bag,1.0
6546,6,Shirt,0.7183
6547,4,Coat,0.7252
6548,6,Shirt,1.0
6549,7,Sneaker,1.0
6550,5,Sandal,1.0
6551,7,Sneaker,1.0
6552,9,Ankle boot,1.0
6553,9,Ankle boot,1.0
6554,3,Dress,1.0
6555,9,Ankle boot,1.0
6556,4,Coat,1.0
6557,4,Coat,1.0
6558,0,T-shirt/top,0.73
6559,4,Coat,0.7159
6560,1,Trouser,1.0
6561,4,Coat,0.86
6562,8,Bag,1.0
6563,4,Coat,0.8528
6564,2,Pullover,0.4429
6565,7,Sneaker,1.0
6566,0,T-shirt/top,0.4322
6567,4,Coat,0.4068
6568,2,Pullover,1.0
6569,9,Ankle boot,1.0
6570,1,Trouser,1.0
6571,8,Bag,1.0
6572,0,T-shirt/top,1.0
6573,6,Shirt,0.562
6574,2,Pullover,1.0
6575,2,Pullover,0.5779
6576,0,T-shirt/top,1.0
6577,3,Dress,0.8581
6578,6,Shirt,0.7156
6579,6,Shirt,1.0
6580,1,Trouser,1.0
6581,3,Dress,0.8564
6582,6,Shirt,0.8578
6583,3,Dress,1.0
6584,4,Coat,0.4296
6585,1,Trouser,1.0
6586,7,Sneaker,1.0
6587,8,Bag,1.0
6588,1,Trouser,1.0
6589,0,T-shirt/top,1.0
6590,7,Sneaker,1.0
6591,6,Shirt,0.8686
6592,5,Sandal,0.8537
6593,6,Shirt,0.7106
6594,8,Bag,1.0
6595,2,Pullover,1.0
6596,8,Bag,0.5557
6597,5,Sandal,0.6295
6598,8,Bag,1.0
6599,7,Sneaker,1.0
6600,8,Bag,1.0
6601,4,Coat,0.8566
6602,5,Sandal,1.0
6603,9,Ankle boot,1.0
6604,7,Sneaker,0.5747
6605,5,Sandal,1.0
6606,1,Trouser,1.0
6607,4,Coat,0.5735
6608,4,Coat,1.0
6609,7,Sneaker,1.0
6610,2,Pullover,0.8597
6611,9,Ankle boot,1.0
6612,7,Sneaker,1.0
6613,8,Bag,1.0
6614,0,T-shirt/top,0.7317
6615,7,Sneaker,1.0
6616,4,Coat,0.8713
6617,6,Shirt,1.0
6618,3,Dress,1.0
6619,8,Bag,1.0
6620,8,Bag,1.0
6621,4,Coat,0.8712
6622,5,Sandal,1.0
6623,1,Trouser,1.0
6624,8,Bag,1.0
6625,2,Pullover,0.7197
6626,6,Shirt,0.4346
6627,2,Pullover,0.8631
6628,2,Pullover,1.0
6629,9,Ankle boot,1.0
6630,8,Bag,1.0
6631,9,Ankle boot,1.0
6632,0,T-shirt/top,0.5743
6633,2,Pullover,1.0
6634,7,Sneaker,1.0
6635,9,Ankle boot,1.0
6636,3,Dress,1.0
6637,5,Sandal,1.0
6638,9,Ankle boot,1.0
6639,8,Bag,1.0
6640,6,Shirt,0.73
6641,3,Dress,1.0
6642,9,Ankle boot,1.0
6643,5,Sandal,1.0
6644,9,Ankle boot,1.0
6645,3,Dress,1.0
6646,0,T-shirt/top,1.0
6647,8,Bag,1.0
6648,6,Shirt,1.0
6649,0,T-shirt/top,0.588
6650,0,T-shirt/top,0.5558
6651,3,Dress,1.0
6652,5,Sandal,1.0
6653,8,Bag,1.0
6654,0,T-shirt/top,0.566
6655,0,T-shirt/top,0.6964
6656,1,Trouser,1.0
6657,8,Bag,1.0
6658,2,Pullover,0.8582
6659,9,Ankle boot,1.0
6660,0,T-shirt/top,1.0
6661,0,T-shirt/top,1.0
6662,7,Sneaker,1.0
6663,6,Shirt,1.0
6664,6,Shirt,0.7242
6665,8,Bag,1.0
6666,7,Sneaker,1.0
6667,6,Shirt,0.4597
6668,8,Bag,1.0
6669,8,Bag,1.0
6670,6,Shirt,0.4449
6671,0,T-shirt/top,0.8453
6672,3,Dress,1.0
6673,6,Shirt,0.5781
6674,7,Sneaker,1.0
6675,1,Trouser,1.0
6676,8,Bag,0.5534
6677,7,Sneaker,1.0
6678,4,Coat,0.7105
6679,0,T-shirt/top,0.4247
6680,7,Sneaker,0.8606
6681,1,Trouser,1.0
6682,6,Shirt,0.5633
6683,5,Sandal,0.8565
6684,2,Pullover,1.0
6685,0,T-shirt/top,0.8587
6686,7,Sneaker,0.721
6687,9,Ankle boot,1.0
6688,6,Shirt,0.4251
6689,3,Dress,0.5764
6690,8,Bag,1.0
6691,2,Pullover,0.5641
6692,1,Trouser,1.0
6693,1,Trouser,1.0
6694,8,Bag,1.0
6695,8,Bag,1.0
6696,3,Dress,0.7279
6697,5,Sandal,1.0
6698,7,Sneaker,1.0
6699,5,Sandal,0.8684
6700,6,Shirt,0.7196
6701,7,Sneaker,0.7107
6702,4,Coat,0.5786
6703,3,Dress,1.0
6704,9,Ankle boot,1.0
6705,3,Dress,1.0
6706,8,Bag,1.0
6707,9,Ankle boot,1.0
6708,0,T-shirt/top,0.8622
6709,4,Coat,0.7163
6710,0,T-shirt/top,0.5663
6711,2,Pullover,0.8571
6712,5,Sandal,1.0
6713,7,Sneaker,0.8505
6714,0,T-shirt/top,1.0
6715,2,Pullover,0.7204
6716,3,Dress,1.0
6717,9,Ankle boot,1.0
6718,7,Sneaker,0.5314
6719,7,Sneaker,1.0
6720,4,Coat,0.7136
6721,6,Shirt,0.7089
6722,5,Sandal,1.0
6723,8,Bag,1.0
6724,3,Dress,1.0
6725,1,Trouser,1.0
6726,3,Dress,1.0
6727,7,Sneaker,0.8606
6728,2,Pullover,0.4371
6729,9,Ankle boot,1.0
6730,4,Coat,0.8627
6731,3,Dress,0.8635
6732,9,Ankle boot,1.0
6733,7,Sneaker,0.5781
6734,2,Pullover,0.7282
6735,0,T-shirt/top,1.0
6736,8,Bag,1.0
6737,0,T-shirt/top,0.8689
6738,9,Ankle boot,1.0
6739,1,Trouser,1.0
6740,9,Ankle boot,1.0
6741,9,Ankle boot,1.0
6742,0,T-shirt/top,0.7189
6743,7,Sneaker,1.0
6744,1,Trouser,1.0
6745,4,Coat,1.0
6746,7,Sneaker,0.5454
6747,0,T-shirt/top,1.0
6748,3,Dress,1.0
6749,8,Bag,1.0
6750,7,Sneaker,1.0
6751,2,Pullover,0.8561
6752,5,Sandal,0.883
6753,5,Sandal,1.0
6754,9,Ankle boot,1.0
6755,3,Dress,1.0
6756,2,Pullover,1.0
6757,0,T-shirt/top,1.0
6758,6,Shirt,0.5694
6759,9,Ankle boot,1.0
6760,0,T-shirt/top,1.0
6761,5,Sandal,1.0
6762,6,Shirt,0.8741
6763,1,Trouser,1.0
6764,3,Dress,1.0
6765,7,Sneaker,1.0
6766,9,Ankle boot,1.0
6767,1,Trouser,1.0
6768,5,Sandal,1.0
6769,9,Ankle boot,1.0
6770,6,Shirt,0.5522
6771,0,T-shirt/top,1.0
6772,9,Ankle boot,1.0
6773,7,Sneaker,1.0
6774,2,Pullover,1.0
6775,9,Ankle boot,1.0
6776,2,Pullover,0.5591
6777,1,Trouser,1.0
6778,2,Pullover,1.0
6779,7,Sneaker,1.0
6780,5,Sandal,1.0
6781,1,Trouser,1.0
6782,0,T-shirt/top,0.8644
6783,7,Sneaker,1.0
6784,3,Dress,0.872
6785,4,Coat,0.8517
6786,7,Sneaker,1.0
6787,6,Shirt,1.0
6788,4,Coat,1.0
6789,6,Shirt,0.8714
6790,8,Bag,1.0
6791,5,Sandal,1.0
6792,7,Sneaker,0.7343
6793,9,Ankle boot,1.0
6794,5,Sandal,1.0
6795,7,Sneaker,1.0
6796,3,Dress,0.8631
6797,6,Shirt,0.2939
6798,3,Dress,1.0
6799,9,Ankle boot,0.7226
6800,3,Dress,1.0
6801,4,Coat,0.569
6802,1,Trouser,1.0
6803,5,Sandal,1.0
6804,6,Shirt,0.8615
6805,9,Ankle boot,1.0
6806,7,Sneaker,1.0
6807,4,Coat,0.8641
6808,0,T-shirt/top,1.0
6809,6,Shirt,0.8502
6810,5,Sandal,1.0
6811,8,Bag,1.0
6812,0,T-shirt/top,1.0
6813,7,Sneaker,1.0
6814,7,Sneaker,1.0
6815,3,Dress,1.0
6816,6,Shirt,0.4416
6817,0,T-shirt/top,1.0
6818,2,Pullover,0.5834
6819,8,Bag,1.0
6820,2,Pullover,0.5826
6821,0,T-shirt/top,1.0
6822,6,Shirt,0.8514
6823,9,Ankle boot,1.0
6824,8,Bag,1.0
6825,9,Ankle boot,1.0
6826,6,Shirt,0.7128
6827,5,Sandal,1.0
6828,0,T-shirt/top,1.0
6829,6,Shirt,0.8623
6830,0,T-shirt/top,0.8559
6831,2,Pullover,0.725
6832,6,Shirt,0.8721
6833,3,Dress,0.8667
6834,1,Trouser,1.0
6835,8,Bag,1.0
6836,7,Sneaker,0.8591
6837,4,Coat,0.7175
6838,1,Trouser,1.0
6839,9,Ankle boot,1.0
6840,1,Trouser,1.0
6841,2,Pullover,0.8636
6842,8,Bag,0.8568
6843,5,Sandal,1.0
6844,2,Pullover,0.8592
6845,3,Dress,1.0
6846,2,Pullover,0.4658
6847,0,T-shirt/top,1.0
6848,2,Pullover,0.5727
6849,6,Shirt,1.0
6850,0,T-shirt/top,1.0
6851,7,Sneaker,1.0
6852,2,Pullover,0.8608
6853,1,Trouser,1.0
6854,8,Bag,1.0
6855,4,Coat,0.571
6856,8,Bag,1.0
6857,7,Sneaker,0.7284
6858,9,Ankle boot,1.0
6859,4,Coat,1.0
6860,1,Trouser,1.0
6861,3,Dress,0.7049
6862,5,Sandal,1.0
6863,7,Sneaker,1.0
6864,7,Sneaker,1.0
6865,3,Dress,1.0
6866,6,Shirt,0.8609
6867,5,Sandal,1.0
6868,9,Ankle boot,0.7226
6869,3,Dress,0.8699
6870,6,Shirt,1.0
6871,7,Sneaker,0.8678
6872,3,Dress,1.0
6873,2,Pullover,1.0
6874,3,Dress,0.7095
6875,9,Ankle boot,0.8655
6876,6,Shirt,0.7201
6877,7,Sneaker,1.0
6878,3,Dress,1.0
6879,9,Ankle boot,1.0
6880,1,Trouser,1.0
6881,2,Pullover,1.0
6882,1,Trouser,1.0
6883,9,Ankle boot,1.0
6884,7,Sneaker,1.0
6885,2,Pullover,1.0
6886,3,Dress,1.0
6887,3,Dress,0.8549
6888,8,Bag,1.0
6889,1,Trouser,1.0
6890,8,Bag,1.0
6891,3,Dress,1.0
6892,5,Sandal,1.0
6893,0,T-shirt/top,1.0
6894,5,Sandal,1.0
6895,3,Dress,1.0
6896,8,Bag,1.0
6897,5,Sandal,0.7056
6898,7,Sneaker,0.7129
6899,6,Shirt,0.8625
6900,9,Ankle boot,1.0
6901,0,T-shirt/top,1.0
6902,0,T-shirt/top,0.5627
6903,8,Bag,1.0
6904,3,Dress,1.0
6905,2,Pullover,0.5696
6906,4,Coat,0.558
6907,3,Dress,0.852
6908,6,Shirt,0.6946
6909,3,Dress,1.0
6910,7,Sneaker,1.0
6911,8,Bag,1.0
6912,7,Sneaker,1.0
6913,1,Trouser,1.0
6914,3,Dress,1.0
6915,7,Sneaker,0.7204
6916,8,Bag,0.7376
6917,9,Ankle boot,1.0
6918,5,Sandal,1.0
6919,5,Sandal,1.0
6920,2,Pullover,0.8463
6921,2,Pullover,0.5751
6922,4,Coat,1.0
6923,5,Sandal,1.0
6924,0,T-shirt/top,1.0
6925,8,Bag,1.0
6926,3,Dress,0.562
6927,0,T-shirt/top,0.715
6928,4,Coat,0.4369
6929,0,T-shirt/top,1.0
6930,8,Bag,1.0
6931,8,Bag,1.0
6932,9,Ankle boot,1.0
6933,6,Shirt,0.7182
6934,9,Ankle boot,1.0
6935,1,Trouser,1.0
6936,5,Sandal,1.0
6937,1,Trouser,1.0
6938,2,Pullover,0.8693
6939,1,Trouser,1.0
6940,3,Dress,0.8562
6941,2,Pullover,1.0
6942,2,Pullover,0.5705
6943,2,Pullover,1.0
6944,4,Coat,1.0
6945,5,Sandal,1.0
6946,7,Sneaker,1.0
6947,5,Sandal,1.0
6948,9,Ankle boot,1.0
6949,2,Pullover,1.0
6950,0,T-shirt/top,1.0
6951,5,Sandal,1.0
6952,7,Sneaker,1.0
6953,0,T-shirt/top,0.7135
6954,5,Sandal,1.0
6955,4,Coat,0.585
6956,5,Sandal,1.0
6957,6,Shirt,0.5744
6958,0,T-shirt/top,1.0
6959,4,Coat,0.7335
6960,0,T-shirt/top,0.8565
6961,7,Sneaker,1.0
6962,1,Trouser,1.0
6963,5,Sandal,1.0
6964,4,Coat,0.5683
6965,9,Ankle boot,1.0
6966,8,Bag,1.0
6967,1,Trouser,1.0
6968,7,Sneaker,1.0
6969,6,Shirt,0.6984
6970,4,Coat,0.8609
6971,4,Coat,0.8646
6972,0,T-shirt/top,1.0
6973,7,Sneaker,1.0
6974,1,Trouser,1.0
6975,8,Bag,0.862
6976,5,Sandal,1.0
6977,7,Sneaker,1.0
6978,8,Bag,1.0
6979,7,Sneaker,0.4348
6980,5,Sandal,1.0
6981,1,Trouser,1.0
6982,8,Bag,1.0
6983,5,Sandal,0.5922
6984,7,Sneaker,0.8348
6985,7,Sneaker,1.0
6986,7,Sneaker,1.0
6987,6,Shirt,1.0
6988,5,Sandal,1.0
6989,2,Pullover,0.8487
6990,4,Coat,0.4317
6991,1,Trouser,1.0
6992,2,Pullover,0.8622
6993,4,Coat,0.7117
6994,4,Coat,0.5635
6995,1,Trouser,1.0
6996,0,T-shirt/top,0.5453
6997,0,T-shirt/top,0.5803
6998,9,Ankle boot,1.0
6999,1,Trouser,1.0
7000,8,Bag,1.0
7001,2,Pullover,1.0
7002,3,Dress,0.845
7003,7,Sneaker,1.0
7004,4,Coat,0.7099
7005,9,Ankle boot,1.0
7006,5,Sandal,1.0
7007,7,Sneaker,0.8316
7008,4,Coat,0.7178
7009,3,Dress,1.0
7010,9,Ankle boot,1.0
7011,5,Sandal,1.0
7012,0,T-shirt/top,0.5672
7013,2,Pullover,0.5789
7014,2,Pullover,1.0
7015,7,Sneaker,1.0
7016,3,Dress,1.0
7017,9,Ankle boot,1.0
7018,3,Dress,0.5742
7019,0,T-shirt/top,0.7034
7020,5,Sandal,1.0
7021,9,Ankle boot,1.0
7022,0,T-shirt/top,0.8516
7023,9,Ankle boot,1.0
7024,6,Shirt,1.0
7025,6,Shirt,0.8726
7026,2,Pullover,0.5357
7027,5,Sandal,1.0
7028,7,Sneaker,0.5754
7029,1,Trouser,1.0
7030,6,Shirt,0.7011
7031,5,Sandal,1.0
7032,2,Pullover,0.7275
7033,0,T-shirt/top,0.863
7034,2,Pullover,1.0
7035,3,Dress,0.7054
7036,1,Trouser,1.0
7037,1,Trouser,1.0
7038,1,Trouser,1.0
7039,7,Sneaker,1.0
7040,4,Coat,0.8597
7041,2,Pullover,1.0
7042,2,Pullover,0.7188
7043,5,Sandal,1.0
7044,9,Ankle boot,1.0
7045,8,Bag,1.0
7046,7,Sneaker,1.0
7047,7,Sneaker,0.5831
7048,3,Dress,1.0
7049,4,Coat,0.4277
7050,7,Sneaker,1.0
7051,9,Ankle boot,1.0
7052,2,Pullover,0.8535
7053,0,T-shirt/top,1.0
7054,1,Trouser,1.0
7055,1,Trouser,1.0
7056,1,Trouser,1.0
7057,4,Coat,1.0
7058,8,Bag,1.0
7059,0,T-shirt/top,0.8613
7060,8,Bag,1.0
7061,0,T-shirt/top,1.0
7062,9,Ankle boot,0.8676
7063,5,Sandal,1.0
7064,6,Shirt,0.8649
7065,7,Sneaker,1.0
7066,0,T-shirt/top,0.7306
7067,8,Bag,1.0
7068,4,Coat,0.5718
7069,4,Coat,0.86
7070,4,Coat,0.7171
7071,2,Pullover,1.0
7072,2,Pullover,0.8436
7073,2,Pullover,1.0
7074,5,Sandal,1.0
7075,7,Sneaker,1.0
7076,2,Pullover,0.5618
7077,9,Ankle boot,1.0
7078,9,Ankle boot,0.5741
7079,2,Pullover,1.0
7080,2,Pullover,1.0
7081,2,Pullover,0.8688
7082,0,T-shirt/top,1.0
7083,7,Sneaker,1.0
7084,4,Coat,0.8326
7085,5,Sandal,1.0
7086,2,Pullover,0.8609
7087,3,Dress,1.0
7088,4,Coat,0.4249
7089,1,Trouser,1.0
7090,9,Ankle boot,1.0
7091,8,Bag,1.0
7092,1,Trouser,1.0
7093,8,Bag,1.0
7094,4,Coat,0.7172
7095,2,Pullover,0.7209
7096,3,Dress,1.0
7097,9,Ankle boot,1.0
7098,1,Trouser,1.0
7099,9,Ankle boot,1.0
7100,7,Sneaker,1.0
7101,2,Pullover,0.8605
7102,9,Ankle boot,1.0
7103,6,Shirt,0.4742
7104,9,Ankle boot,1.0
7105,3,Dress,1.0
7106,0,T-shirt/top,1.0
7107,4,Coat,0.7044
7108,2,Pullover,0.7238
7109,3,Dress,0.2933
7110,4,Coat,1.0
7111,6,Shirt,0.7158
7112,0,T-shirt/top,0.7151
7113,9,Ankle boot,1.0
7114,6,Shirt,0.4457
7115,1,Trouser,1.0
7116,1,Trouser,1.0
7117,0,T-shirt/top,0.8579
7118,5,Sandal,1.0
7119,6,Shirt,0.7162
7120,7,Sneaker,1.0
7121,0,T-shirt/top,1.0
7122,4,Coat,1.0
7123,1,Trouser,1.0
7124,1,Trouser,1.0
7125,7,Sneaker,1.0
7126,0,T-shirt/top,1.0
7127,0,T-shirt/top,0.5811
7128,1,Trouser,1.0
7129,9,Ankle boot,1.0
7130,4,Coat,0.4418
7131,7,Sneaker,1.0
7132,3,Dress,0.7154
7133,7,Sneaker,0.7072
7134,4,Coat,0.8606
7135,1,Trouser,1.0
7136,2,Pullover,1.0
7137,6,Shirt,0.5714
7138,2,Pullover,0.8394
7139,0,T-shirt/top,0.5791
7140,3,Dress,1.0
7141,0,T-shirt/top,0.8519
7142,2,Pullover,1.0
7143,3,Dress,1.0
7144,5,Sandal,1.0
7145,9,Ankle boot,1.0
7146,5,Sandal,1.0
7147,8,Bag,1.0
7148,9,Ankle boot,1.0
7149,3,Dress,1.0
7150,1,Trouser,1.0
7151,7,Sneaker,1.0
7152,8,Bag,1.0
7153,9,Ankle boot,1.0
7154,4,Coat,0.8603
7155,1,Trouser,1.0
7156,1,Trouser,1.0
7157,9,Ankle boot,1.0
7158,0,T-shirt/top,1.0
7159,7,Sneaker,1.0
7160,0,T-shirt/top,1.0
7161,0,T-shirt/top,1.0
7162,9,Ankle boot,1.0
7163,6,Shirt,1.0
7164,0,T-shirt/top,1.0
7165,4,Coat,0.643
7166,9,Ankle boot,1.0
7167,2,Pullover,0.5657
7168,8,Bag,1.0
7169,5,Sandal,1.0
7170,5,Sandal,1.0
7171,9,Ankle boot,1.0
7172,3,Dress,1.0
7173,3,Dress,1.0
7174,5,Sandal,1.0
7175,7,Sneaker,1.0
7176,1,Trouser,1.0
7177,3,Dress,0.74
7178,3,Dress,0.8552
7179,3,Dress,0.8665
7180,5,Sandal,1.0
7181,6,Shirt,1.0
7182,6,Shirt,0.7137
7183,4,Coat,0.8627
7184,1,Trouser,1.0
7185,1,Trouser,1.0
7186,9,Ankle boot,1.0
7187,1,Trouser,1.0
7188,4,Coat,0.6937
7189,0,T-shirt/top,0.8674
7190,0,T-shirt/top,0.5753
7191,2,Pullover,1.0
7192,2,Pullover,1.0
7193,6,Shirt,0.7221
7194,6,Shirt,0.8603
7195,0,T-shirt/top,0.8578
7196,3,Dress,0.5985
7197,5,Sandal,1.0
7198,0,T-shirt/top,0.8636
7199,3,Dress,1.0
7200,0,T-shirt/top,1.0
7201,5,Sandal,1.0
7202,1,Trouser,1.0
7203,1,Trouser,1.0
7204,8,Bag,1.0
7205,2,Pullover,0.5811
7206,5,Sandal,1.0
7207,3,Dress,1.0
7208,5,Sandal,1.0
7209,1,Trouser,1.0
7210,6,Shirt,0.4355
7211,6,Shirt,0.4314
7212,3,Dress,1.0
7213,1,Trouser,1.0
7214,6,Shirt,0.5902
7215,7,Sneaker,0.7169
7216,9,Ankle boot,1.0
7217,6,Shirt,0.8608
7218,3,Dress,1.0
7219,8,Bag,1.0
7220,5,Sandal,1.0
7221,2,Pullover,0.4281
7222,6,Shirt,0.5721
7223,9,Ankle boot,1.0
7224,1,Trouser,1.0
7225,9,Ankle boot,0.8147
7226,7,Sneaker,1.0
7227,7,Sneaker,1.0
7228,4,Coat,0.571
7229,4,Coat,0.7124
7230,2,Pullover,0.8606
7231,7,Sneaker,1.0
7232,5,Sandal,1.0
7233,6,Shirt,0.4289
7234,1,Trouser,1.0
7235,5,Sandal,0.7062
7236,7,Sneaker,1.0
7237,7,Sneaker,0.5752
7238,8,Bag,1.0
7239,2,Pullover,0.8558
7240,8,Bag,1.0
7241,3,Dress,0.7294
7242,7,Sneaker,0.5616
7243,4,Coat,0.7262
7244,6,Shirt,0.7168
7245,2,Pullover,1.0
7246,9,Ankle boot,1.0
7247,9,Ankle boot,1.0
7248,0,T-shirt/top,1.0
7249,2,Pullover,0.5745
7250,7,Sneaker,1.0
7251,3,Dress,1.0
7252,1,Trouser,1.0
7253,0,T-shirt/top,1.0
7254,8,Bag,1.0
7255,2,Pullover,1.0
7256,2,Pullover,0.7251
7257,4,Coat,0.8561
7258,4,Coat,0.4572
7259,7,Sneaker,1.0
7260,1,Trouser,1.0
7261,8,Bag,1.0
7262,2,Pullover,0.7229
7263,0,T-shirt/top,0.8605
7264,3,Dress,1.0
7265,4,Coat,0.8597
7266,0,T-shirt/top,0.7295
7267,3,Dress,0.5782
7268,9,Ankle boot,1.0
7269,8,Bag,1.0
7270,0,T-shirt/top,1.0
7271,3,Dress,0.574
7272,8,Bag,1.0
7273,3,Dress,1.0
7274,9,Ankle boot,1.0
7275,2,Pullover,1.0
7276,1,Trouser,1.0
7277,5,Sandal,1.0
7278,2,Pullover,0.44
7279,5,Sandal,1.0
7280,0,T-shirt/top,1.0
7281,8,Bag,1.0
7282,4,Coat,1.0
7283,6,Shirt,0.4218
7284,5,Sandal,1.0
7285,9,Ankle boot,1.0
7286,3,Dress,1.0
7287,0,T-shirt/top,1.0
7288,2,Pullover,1.0
7289,7,Sneaker,1.0
7290,8,Bag,1.0
7291,5,Sandal,1.0
7292,9,Ankle boot,1.0
7293,5,Sandal,1.0
7294,0,T-shirt/top,1.0
7295,0,T-shirt/top,1.0
7296,6,Shirt,1.0
7297,9,Ankle boot,1.0
7298,7,Sneaker,1.0
7299,2,Pullover,0.7374
7300,9,Ankle boot,1.0
7301,2,Pullover,1.0
7302,2,Pullover,1.0
7303,6,Shirt,0.4344
7304,4,Coat,1.0
7305,0,T-shirt/top,0.5605
7306,1,Trouser,1.0
7307,4,Coat,0.5743
7308,3,Dress,1.0
7309,9,Ankle boot,1.0
7310,4,Coat,0.7208
7311,0,T-shirt/top,1.0
7312,3,Dress,1.0
7313,4,Coat,0.8581
7314,2,Pullover,0.4527
7315,6,Shirt,1.0
7316,9,Ankle boot,1.0
7317,4,Coat,1.0
7318,7,Sneaker,1.0
7319,6,Shirt,0.7157
7320,5,Sandal,1.0
7321,4,Coat,1.0
7322,3,Dress,1.0
7323,4,Coat,0.8426
7324,5,Sandal,1.0
7325,7,Sneaker,0.8594
7326,0,T-shirt/top,1.0
7327,2,Pullover,1.0
7328,1,Trouser,1.0
7329,1,Trouser,1.0
7330,8,Bag,1.0
7331,7,Sneaker,1.0
7332,3,Dress,0.7198
7333,2,Pullover,1.0
7334,0,T-shirt/top,0.7832
7335,9,Ankle boot,0.8595
7336,4,Coat,0.8601
7337,3,Dress,1.0
7338,8,Bag,1.0
7339,8,Bag,1.0
7340,8,Bag,1.0
7341,9,Ankle boot,1.0
7342,3,Dress,0.8627
7343,8,Bag,0.5375
7344,9,Ankle boot,1.0
7345,2,Pullover,0.7112
7346,0,T-shirt/top,1.0
7347,3,Dress,1.0
7348,6,Shirt,0.4447
7349,2,Pullover,1.0
7350,2,Pullover,1.0
7351,8,Bag,1.0
7352,8,Bag,1.0
7353,5,Sandal,0.5783
7354,9,Ankle boot,1.0
7355,2,Pullover,1.0
7356,7,Sneaker,1.0
7357,1,Trouser,1.0
7358,9,Ankle boot,0.8561
7359,0,T-shirt/top,1.0
7360,3,Dress,1.0
7361,3,Dress,1.0
7362,4,Coat,0.565
7363,2,Pullover,0.5781
7364,3,Dress,1.0
7365,9,Ankle boot,1.0
7366,9,Ankle boot,1.0
7367,5,Sandal,0.741
7368,3,Dress,0.7472
7369,0,T-shirt/top,0.8214
7370,4,Coat,1.0
7371,2,Pullover,1.0
7372,4,Coat,1.0
7373,6,Shirt,1.0
7374,4,Coat,0.5978
7375,5,Sandal,1.0
7376,4,Coat,0.8658
7377,4,Coat,0.7154
7378,9,Ankle boot,1.0
7379,8,Bag,1.0
7380,5,Sandal,0.8655
7381,8,Bag,1.0
7382,3,Dress,0.8444
7383,4,Coat,0.7052
7384,1,Trouser,1.0
7385,4,Coat,0.8592
7386,8,Bag,1.0
7387,9,Ankle boot,1.0
7388,2,Pullover,1.0
7389,6,Shirt,0.8616
7390,2,Pullover,0.8616
7391,3,Dress,1.0
7392,5,Sandal,1.0
7393,0,T-shirt/top,0.5429
7394,3,Dress,1.0
7395,5,Sandal,1.0
7396,2,Pullover,0.7182
7397,5,Sandal,1.0
7398,3,Dress,1.0
7399,9,Ankle boot,1.0
7400,1,Trouser,1.0
7401,2,Pullover,0.8619
7402,9,Ankle boot,1.0
7403,8,Bag,1.0
7404,9,Ankle boot,1.0
7405,3,Dress,0.5747
7406,8,Bag,1.0
7407,8,Bag,1.0
7408,5,Sandal,0.7345
7409,5,Sandal,1.0
7410,8,Bag,1.0
7411,6,Shirt,0.5781
7412,4,Coat,1.0
7413,0,T-shirt/top,0.8737
7414,8,Bag,1.0
7415,3,Dress,1.0
7416,6,Shirt,0.57
7417,4,Coat,0.863
7418,9,Ankle boot,1.0
7419,6,Shirt,1.0
7420,1,Trouser,1.0
7421,0,T-shirt/top,1.0
7422,5,Sandal,1.0
7423,1,Trouser,1.0
7424,4,Coat,0.7143
7425,0,T-shirt/top,0.7258
7426,9,Ankle boot,1.0
7427,2,Pullover,0.8648
7428,6,Shirt,1.0
7429,3,Dress,1.0
7430,6,Shirt,1.0
7431,7,Sneaker,1.0
7432,2,Pullover,0.5749
7433,6,Shirt,0.7223
7434,4,Coat,0.8668
7435,3,Dress,1.0
7436,8,Bag,1.0
7437,5,Sandal,1.0
7438,1,Trouser,1.0
7439,8,Bag,1.0
7440,3,Dress,1.0
7441,4,Coat,0.5799
7442,4,Coat,0.8646
7443,5,Sandal,1.0
7444,0,T-shirt/top,0.7117
7445,0,T-shirt/top,1.0
7446,7,Sneaker,0.5823
7447,8,Bag,1.0
7448,7,Sneaker,1.0
7449,4,Coat,1.0
7450,2,Pullover,0.5698
7451,2,Pullover,1.0
7452,2,Pullover,0.7116
7453,9,Ankle boot,1.0
7454,3,Dress,0.8576
7455,5,Sandal,1.0
7456,0,T-shirt/top,1.0
7457,9,Ankle boot,1.0
7458,9,Ankle boot,1.0
7459,0,T-shirt/top,1.0
7460,1,Trouser,1.0
7461,3,Dress,1.0
7462,7,Sneaker,1.0
7463,1,Trouser,1.0
7464,9,Ankle boot,0.8522
7465,6,Shirt,1.0
7466,7,Sneaker,0.71
7467,2,Pullover,0.7305
7468,6,Shirt,0.8619
7469,9,Ankle boot,1.0
7470,5,Sandal,1.0
7471,7,Sneaker,1.0
7472,9,Ankle boot,0.8419
7473,3,Dress,0.553
7474,2,Pullover,1.0
7475,8,Bag,1.0
7476,3,Dress,1.0
7477,1,Trouser,1.0
7478,7,Sneaker,1.0
7479,8,Bag,1.0
7480,8,Bag,1.0
7481,6,Shirt,1.0
7482,8,Bag,1.0
7483,0,T-shirt/top,1.0
7484,5,Sandal,1.0
7485,5,Sandal,1.0
7486,7,Sneaker,1.0
7487,1,Trouser,1.0
7488,9,Ankle boot,0.8616
7489,6,Shirt,1.0
7490,2,Pullover,1.0
7491,1,Trouser,1.0
7492,7,Sneaker,0.8666
7493,1,Trouser,1.0
7494,9,Ankle boot,1.0
7495,6,Shirt,0.8595
7496,1,Trouser,1.0
7497,6,Shirt,0.5696
7498,3,Dress,1.0
7499,2,Pullover,0.7428
7500,5,Sandal,0.6867
7501,3,Dress,1.0
7502,9,Ankle boot,1.0
7503,3,Dress,1.0
7504,5,Sandal,0.8476
7505,4,Coat,0.8613
7506,0,T-shirt/top,1.0
7507,6,Shirt,0.5813
7508,9,Ankle boot,1.0
7509,9,Ankle boot,0.5632
7510,4,Coat,1.0
7511,2,Pullover,0.8732
7512,3,Dress,1.0
7513,8,Bag,1.0
7514,5,Sandal,1.0
7515,8,Bag,1.0
7516,3,Dress,1.0
7517,6,Shirt,0.8566
7518,4,Coat,0.7061
7519,1,Trouser,1.0
7520,4,Coat,1.0
7521,9,Ankle boot,1.0
7522,5,Sandal,1.0
7523,8,Bag,1.0
7524,9,Ankle boot,1.0
7525,7,Sneaker,0.7335
7526,4,Coat,0.6902
7527,4,Coat,0.5709
7528,9,Ankle boot,1.0
7529,5,Sandal,1.0
7530,9,Ankle boot,1.0
7531,1,Trouser,1.0
7532,1,Trouser,1.0
7533,1,Trouser,0.6089
7534,8,Bag,1.0
7535,4,Coat,0.7123
7536,1,Trouser,1.0
7537,4,Coat,0.7234
7538,6,Shirt,1.0
7539,9,Ankle boot,1.0
7540,9,Ankle boot,1.0
7541,8,Bag,1.0
7542,9,Ankle boot,1.0
7543,7,Sneaker,1.0
7544,4,Coat,0.7105
7545,4,Coat,0.7336
7546,1,Trouser,1.0
7547,9,Ankle boot,1.0
7548,9,Ankle boot,1.0
7549,1,Trouser,1.0
7550,9,Ankle boot,1.0
7551,6,Shirt,0.4192
7552,2,Pullover,1.0
7553,3,Dress,1.0
7554,7,Sneaker,0.7219
7555,3,Dress,0.7786
7556,1,Trouser,1.0
7557,3,Dress,1.0
7558,0,T-shirt/top,0.5783
7559,8,Bag,1.0
7560,3,Dress,1.0
7561,4,Coat,0.8632
7562,3,Dress,0.846
7563,3,Dress,1.0
7564,8,Bag,1.0
7565,1,Trouser,0.856
7566,7,Sneaker,1.0
7567,1,Trouser,1.0
7568,0,T-shirt/top,0.6959
7569,3,Dress,1.0
7570,8,Bag,1.0
7571,4,Coat,0.8624
7572,7,Sneaker,1.0
7573,9,Ankle boot,1.0
7574,8,Bag,1.0
7575,0,T-shirt/top,1.0
7576,3,Dress,1.0
7577,0,T-shirt/top,0.8685
7578,4,Coat,0.8542
7579,5,Sandal,1.0
7580,7,Sneaker,1.0
7581,6,Shirt,0.5692
7582,7,Sneaker,1.0
7583,0,T-shirt/top,0.7211
7584,5,Sandal,0.7259
7585,0,T-shirt/top,1.0
7586,2,Pullover,0.8608
7587,3,Dress,0.4261
7588,3,Dress,0.8605
7589,3,Dress,0.8624
7590,0,T-shirt/top,1.0
7591,0,T-shirt/top,0.5472
7592,4,Coat,1.0
7593,4,Coat,0.7262
7594,4,Coat,0.866
7595,4,Coat,0.8645
7596,6,Shirt,0.6987
7597,9,Ankle boot,1.0
7598,9,Ankle boot,1.0
7599,0,T-shirt/top,0.7196
7600,7,Sneaker,1.0
7601,4,Coat,1.0
7602,1,Trouser,0.272
7603,2,Pullover,1.0
7604,2,Pullover,1.0
7605,1,Trouser,1.0
7606,9,Ankle boot,1.0
7607,5,Sandal,1.0
7608,9,Ankle boot,1.0
7609,9,Ankle boot,1.0
7610,0,T-shirt/top,1.0
7611,5,Sandal,1.0
7612,8,Bag,1.0
7613,6,Shirt,0.8611
7614,7,Sneaker,1.0
7615,3,Dress,1.0
7616,9,Ankle boot,1.0
7617,5,Sandal,1.0
7618,2,Pullover,0.6993
7619,8,Bag,1.0
7620,9,Ankle boot,1.0
7621,5,Sandal,1.0
7622,8,Bag,1.0
7623,0,T-shirt/top,0.8552
7624,0,T-shirt/top,0.8557
7625,3,Dress,0.8567
7626,0,T-shirt/top,1.0
7627,6,Shirt,0.8566
7628,3,Dress,1.0
7629,7,Sneaker,1.0
7630,8,Bag,1.0
7631,0,T-shirt/top,1.0
7632,1,Trouser,1.0
7633,2,Pullover,1.0
7634,2,Pullover,1.0
7635,3,Dress,0.4527
7636,1,Trouser,1.0
7637,1,Trouser,1.0
7638,3,Dress,0.5738
7639,2,Pullover,0.5762
7640,6,Shirt,0.571
7641,5,Sandal,1.0
7642,4,Coat,0.861
7643,6,Shirt,0.2972
7644,9,Ankle boot,1.0
7645,3,Dress,0.8647
7646,6,Shirt,0.5772
7647,2,Pullover,1.0
7648,3,Dress,1.0
7649,7,Sneaker,1.0
7650,2,Pullover,1.0
7651,9,Ankle boot,1.0
7652,2,Pullover,0.837
7653,1,Trouser,1.0
7654,6,Shirt,0.8415
7655,7,Sneaker,1.0
7656,5,Sandal,1.0
7657,5,Sandal,1.0
7658,9,Ankle boot,1.0
7659,2,Pullover,0.8596
7660,6,Shirt,0.7088
7661,9,Ankle boot,1.0
7662,7,Sneaker,1.0
7663,9,Ankle boot,1.0
7664,7,Sneaker,0.5774
7665,4,Coat,1.0
7666,1,Trouser,1.0
7667,8,Bag,1.0
7668,3,Dress,1.0
7669,3,Dress,1.0
7670,8,Bag,1.0
7671,0,T-shirt/top,1.0
7672,8,Bag,1.0
7673,7,Sneaker,0.8617
7674,0,T-shirt/top,1.0
7675,7,Sneaker,0.8621
7676,7,Sneaker,1.0
7677,9,Ankle boot,1.0
7678,4,Coat,0.6945
7679,3,Dress,0.5445
7680,0,T-shirt/top,0.864
7681,3,Dress,1.0
7682,7,Sneaker,1.0
7683,6,Shirt,0.7175
7684,1,Trouser,1.0
7685,5,Sandal,1.0
7686,2,Pullover,1.0
7687,0,T-shirt/top,1.0
7688,5,Sandal,1.0
7689,8,Bag,1.0
7690,6,Shirt,1.0
7691,7,Sneaker,1.0
7692,0,T-shirt/top,1.0
7693,1,Trouser,1.0
7694,0,T-shirt/top,1.0
7695,5,Sandal,1.0
7696,6,Shirt,1.0
7697,2,Pullover,1.0
7698,1,Trouser,1.0
7699,4,Coat,1.0
7700,1,Trouser,1.0
7701,8,Bag,1.0
7702,7,Sneaker,1.0
7703,9,Ankle boot,0.8637
7704,9,Ankle boot,1.0
7705,7,Sneaker,1.0
7706,3,Dress,1.0
7707,6,Shirt,0.5656
7708,2,Pullover,1.0
7709,4,Coat,1.0
7710,7,Sneaker,1.0
7711,6,Shirt,0.8777
7712,3,Dress,1.0
7713,9,Ankle boot,1.0
7714,6,Shirt,0.5912
7715,3,Dress,1.0
7716,9,Ankle boot,1.0
7717,5,Sandal,1.0
7718,1,Trouser,1.0
7719,0,T-shirt/top,0.6104
7720,9,Ankle boot,0.86
7721,8,Bag,0.678
7722,7,Sneaker,1.0
7723,2,Pullover,0.7157
7724,3,Dress,0.8643
7725,5,Sandal,1.0
7726,7,Sneaker,1.0
7727,2,Pullover,0.7101
7728,7,Sneaker,1.0
7729,2,Pullover,0.7001
7730,8,Bag,1.0
7731,7,Sneaker,0.8621
7732,5,Sandal,1.0
7733,4,Coat,1.0
7734,5,Sandal,0.7217
7735,9,Ankle boot,0.8731
7736,4,Coat,1.0
7737,3,Dress,1.0
7738,5,Sandal,1.0
7739,6,Shirt,0.4339
7740,2,Pullover,1.0
7741,5,Sandal,1.0
7742,5,Sandal,1.0
7743,3,Dress,1.0
7744,1,Trouser,1.0
7745,9,Ankle boot,1.0
7746,3,Dress,1.0
7747,7,Sneaker,1.0
7748,1,Trouser,1.0
7749,0,T-shirt/top,1.0
7750,3,Dress,1.0
7751,4,Coat,0.8531
7752,4,Coat,0.5857
7753,2,Pullover,0.7225
7754,5,Sandal,1.0
7755,7,Sneaker,0.5661
7756,2,Pullover,1.0
7757,1,Trouser,1.0
7758,1,Trouser,1.0
7759,7,Sneaker,0.8635
7760,7,Sneaker,1.0
7761,7,Sneaker,0.5825
7762,0,T-shirt/top,1.0
7763,1,Trouser,1.0
7764,6,Shirt,0.5836
7765,8,Bag,1.0
7766,5,Sandal,0.8625
7767,2,Pullover,0.7274
7768,5,Sandal,0.7329
7769,3,Dress,0.7138
7770,7,Sneaker,1.0
7771,8,Bag,1.0
7772,7,Sneaker,1.0
7773,7,Sneaker,1.0
7774,0,T-shirt/top,1.0
7775,8,Bag,1.0
7776,5,Sandal,1.0
7777,6,Shirt,0.5518
7778,0,T-shirt/top,1.0
7779,5,Sandal,0.5739
7780,5,Sandal,1.0
7781,6,Shirt,0.8351
7782,9,Ankle boot,0.5792
7783,7,Sneaker,1.0
7784,9,Ankle boot,1.0
7785,7,Sneaker,1.0
7786,1,Trouser,1.0
7787,0,T-shirt/top,1.0
7788,0,T-shirt/top,1.0
7789,8,Bag,1.0
7790,0,T-shirt/top,1.0
7791,4,Coat,0.8636
7792,0,T-shirt/top,1.0
7793,6,Shirt,0.8592
7794,4,Coat,0.5715
7795,5,Sandal,1.0
7796,5,Sandal,1.0
7797,0,T-shirt/top,1.0
7798,7,Sneaker,0.8595
7799,3,Dress,1.0
7800,3,Dress,1.0
7801,4,Coat,0.8533
7802,5,Sandal,1.0
7803,0,T-shirt/top,1.0
7804,7,Sneaker,1.0
7805,1,Trouser,1.0
7806,8,Bag,1.0
7807,7,Sneaker,1.0
7808,1,Trouser,1.0
7809,6,Shirt,0.5712
7810,2,Pullover,1.0
7811,6,Shirt,0.6758
7812,4,Coat,0.8483
7813,7,Sneaker,1.0
7814,3,Dress,1.0
7815,7,Sneaker,1.0
7816,4,Coat,0.8737
7817,8,Bag,1.0
7818,6,Shirt,0.701
7819,3,Dress,1.0
7820,9,Ankle boot,0.6997
7821,4,Coat,0.8633
7822,0,T-shirt/top,0.5825
7823,3,Dress,0.5698
7824,0,T-shirt/top,0.8467
7825,8,Bag,1.0
7826,7,Sneaker,1.0
7827,3,Dress,1.0
7828,3,Dress,1.0
7829,0,T-shirt/top,0.7126
7830,5,Sandal,1.0
7831,6,Shirt,0.5786
7832,1,Trouser,1.0
7833,5,Sandal,0.8524
7834,0,T-shirt/top,1.0
7835,9,Ankle boot,1.0
7836,9,Ankle boot,1.0
7837,1,Trouser,1.0
7838,3,Dress,1.0
7839,0,T-shirt/top,0.4467
7840,6,Shirt,0.7189
7841,1,Trouser,1.0
7842,6,Shirt,0.7305
7843,0,T-shirt/top,0.5753
7844,5,Sandal,1.0
7845,7,Sneaker,1.0
7846,2,Pullover,1.0
7847,2,Pullover,0.5815
7848,0,T-shirt/top,1.0
7849,9,Ankle boot,1.0
7850,2,Pullover,0.7053
7851,6,Shirt,0.4196
7852,8,Bag,1.0
7853,2,Pullover,0.5729
7854,8,Bag,1.0
7855,3,Dress,0.7202
7856,7,Sneaker,1.0
7857,7,Sneaker,0.728
7858,3,Dress,1.0
7859,3,Dress,1.0
7860,9,Ankle boot,1.0
7861,5,Sandal,1.0
7862,7,Sneaker,1.0
7863,0,T-shirt/top,0.5766
7864,0,T-shirt/top,0.7229
7865,9,Ankle boot,1.0
7866,4,Coat,1.0
7867,7,Sneaker,0.8592
7868,0,T-shirt/top,0.5752
7869,7,Sneaker,1.0
7870,2,Pullover,1.0
7871,9,Ankle boot,1.0
7872,5,Sandal,1.0
7873,5,Sandal,0.7374
7874,8,Bag,1.0
7875,7,Sneaker,0.8609
7876,4,Coat,0.8545
7877,9,Ankle boot,1.0
7878,9,Ankle boot,0.8212
7879,6,Shirt,1.0
7880,3,Dress,1.0
7881,6,Shirt,0.5707
7882,3,Dress,0.8639
7883,0,T-shirt/top,0.8575
7884,2,Pullover,0.7114
7885,7,Sneaker,1.0
7886,6,Shirt,1.0
7887,4,Coat,1.0
7888,2,Pullover,0.7172
7889,5,Sandal,0.7265
7890,6,Shirt,0.5713
7891,1,Trouser,1.0
7892,5,Sandal,1.0
7893,7,Sneaker,1.0
7894,9,Ankle boot,1.0
7895,7,Sneaker,0.7236
7896,3,Dress,1.0
7897,9,Ankle boot,1.0
7898,8,Bag,1.0
7899,6,Shirt,0.563
7900,5,Sandal,0.7247
7901,1,Trouser,1.0
7902,9,Ankle boot,1.0
7903,6,Shirt,0.8686
7904,1,Trouser,1.0
7905,0,T-shirt/top,1.0
7906,4,Coat,0.7146
7907,8,Bag,1.0
7908,0,T-shirt/top,1.0
7909,7,Sneaker,0.8634
7910,6,Shirt,0.7409
7911,9,Ankle boot,1.0
7912,8,Bag,1.0
7913,8,Bag,1.0
7914,3,Dress,0.5841
7915,3,Dress,0.6987
7916,3,Dress,0.5819
7917,1,Trouser,1.0
7918,7,Sneaker,1.0
7919,7,Sneaker,1.0
7920,1,Trouser,1.0
7921,1,Trouser,1.0
7922,6,Shirt,0.8663
7923,7,Sneaker,1.0
7924,0,T-shirt/top,1.0
7925,3,Dress,1.0
7926,2,Pullover,1.0
7927,8,Bag,1.0
7928,7,Sneaker,1.0
7929,8,Bag,1.0
7930,7,Sneaker,0.8633
7931,9,Ankle boot,0.7083
7932,1,Trouser,1.0
7933,1,Trouser,1.0
7934,3,Dress,1.0
7935,8,Bag,1.0
7936,7,Sneaker,1.0
7937,5,Sandal,0.8621
7938,9,Ankle boot,1.0
7939,1,Trouser,1.0
7940,0,T-shirt/top,1.0
7941,6,Shirt,0.7349
7942,3,Dress,0.7028
7943,4,Coat,1.0
7944,4,Coat,1.0
7945,4,Coat,0.7328
7946,7,Sneaker,1.0
7947,1,Trouser,1.0
7948,6,Shirt,0.2881
7949,0,T-shirt/top,1.0
7950,1,Trouser,1.0
7951,5,Sandal,1.0
7952,4,Coat,1.0
7953,4,Coat,0.8666
7954,9,Ankle boot,1.0
7955,2,Pullover,0.7266
7956,4,Coat,1.0
7957,2,Pullover,1.0
7958,4,Coat,0.7081
7959,6,Shirt,0.5656
7960,7,Sneaker,1.0
7961,7,Sneaker,1.0
7962,4,Coat,0.8474
7963,7,Sneaker,1.0
7964,1,Trouser,1.0
7965,4,Coat,0.7216
7966,0,T-shirt/top,1.0
7967,8,Bag,1.0
7968,3,Dress,1.0
7969,3,Dress,1.0
7970,5,Sandal,1.0
7971,0,T-shirt/top,0.2956
7972,0,T-shirt/top,1.0
7973,8,Bag,1.0
7974,4,Coat,0.5682
7975,6,Shirt,0.5838
7976,4,Coat,0.7103
7977,0,T-shirt/top,1.0
7978,1,Trouser,1.0
7979,8,Bag,1.0
7980,4,Coat,0.5847
7981,3,Dress,0.5739
7982,2,Pullover,1.0
7983,7,Sneaker,0.5909
7984,5,Sandal,0.7357
7985,4,Coat,0.8571
7986,3,Dress,0.7127
7987,5,Sandal,1.0
7988,4,Coat,0.5657
7989,1,Trouser,1.0
7990,6,Shirt,0.708
7991,4,Coat,1.0
7992,6,Shirt,0.5783
7993,5,Sandal,1.0
7994,8,Bag,1.0
7995,0,T-shirt/top,0.8668
7996,7,Sneaker,1.0
7997,3,Dress,1.0
7998,2,Pullover,0.5899
7999,6,Shirt,1.0
8000,7,Sneaker,1.0
8001,2,Pullover,0.7129
8002,2,Pullover,1.0
8003,3,Dress,1.0
8004,2,Pullover,0.4005
8005,4,Coat,0.8618
8006,2,Pullover,0.8556
8007,0,T-shirt/top,1.0
8008,3,Dress,1.0
8009,6,Shirt,0.5628
8010,5,Sandal,1.0
8011,1,Trouser,1.0
8012,7,Sneaker,1.0
8013,5,Sandal,1.0
8014,4,Coat,0.8582
8015,5,Sandal,1.0
8016,7,Sneaker,1.0
8017,7,Sneaker,0.7115
8018,9,Ankle boot,1.0
8019,9,Ankle boot,1.0
8020,9,Ankle boot,1.0
8021,2,Pullover,0.8553
8022,0,T-shirt/top,0.7294
8023,9,Ankle boot,1.0
8024,2,Pullover,0.7137
8025,0,T-shirt/top,0.7273
8026,5,Sandal,0.8708
8027,5,Sandal,1.0
8028,5,Sandal,1.0
8029,0,T-shirt/top,1.0
8030,5,Sandal,1.0
8031,6,Shirt,0.441
8032,6,Shirt,1.0
8033,6,Shirt,0.728
8034,0,T-shirt/top,0.8708
8035,6,Shirt,0.8558
8036,9,Ankle boot,1.0
8037,9,Ankle boot,1.0
8038,2,Pullover,0.4805
8039,3,Dress,0.8575
8040,5,Sandal,1.0
8041,4,Coat,0.5996
8042,0,T-shirt/top,0.5613
8043,1,Trouser,1.0
8044,0,T-shirt/top,1.0
8045,8,Bag,1.0
8046,9,Ankle boot,1.0
8047,5,Sandal,1.0
8048,7,Sneaker,1.0
8049,3,Dress,0.8568
8050,0,T-shirt/top,1.0
8051,2,Pullover,0.5871
8052,4,Coat,1.0
8053,1,Trouser,1.0
8054,2,Pullover,0.2897
8055,8,Bag,1.0
8056,1,Trouser,1.0
8057,8,Bag,1.0
8058,2,Pullover,0.5666
8059,6,Shirt,0.6997
8060,6,Shirt,1.0
8061,9,Ankle boot,1.0
8062,8,Bag,1.0
8063,5,Sandal,1.0
8064,1,Trouser,1.0
8065,2,Pullover,0.5666
8066,4,Coat,0.4408
8067,0,T-shirt/top,1.0
8068,9,Ankle boot,1.0
8069,0,T-shirt/top,0.6012
8070,8,Bag,1.0
8071,8,Bag,1.0
8072,0,T-shirt/top,1.0
8073,7,Sneaker,1.0
8074,3,Dress,0.5346
8075,6,Shirt,1.0
8076,9,Ankle boot,1.0
8077,8,Bag,1.0
8078,9,Ankle boot,1.0
8079,9,Ankle boot,1.0
8080,6,Shirt,0.5721
8081,9,Ankle boot,1.0
8082,6,Shirt,0.8628
8083,3,Dress,1.0
8084,3,Dress,1.0
8085,4,Coat,0.4274
8086,9,Ankle boot,1.0
8087,0,T-shirt/top,1.0
8088,8,Bag,1.0
8089,0,T-shirt/top,0.6941
8090,4,Coat,1.0
8091,0,T-shirt/top,0.4449
8092,3,Dress,1.0
8093,0,T-shirt/top,0.8712
8094,0,T-shirt/top,1.0
8095,0,T-shirt/top,1.0
8096,3,Dress,1.0
8097,3,Dress,1.0
8098,5,Sandal,1.0
8099,9,Ankle boot,1.0
8100,4,Coat,1.0
8101,7,Sneaker,1.0
8102,1,Trouser,1.0
8103,5,Sandal,1.0
8104,4,Coat,1.0
8105,1,Trouser,1.0
8106,6,Shirt,0.8612
8107,1,Trouser,1.0
8108,7,Sneaker,1.0
8109,9,Ankle boot,1.0
8110,4,Coat,1.0
8111,0,T-shirt/top,0.7036
8112,4,Coat,0.8502
8113,5,Sandal,1.0
8114,2,Pullover,1.0
8115,9,Ankle boot,1.0
8116,4,Coat,1.0
8117,9,Ankle boot,1.0
8118,8,Bag,1.0
8119,8,Bag,1.0
8120,7,Sneaker,1.0
8121,6,Shirt,0.4533
8122,2,Pullover,0.5713
8123,3,Dress,1.0
8124,9,Ankle boot,1.0
8125,3,Dress,1.0
8126,6,Shirt,0.8509
8127,7,Sneaker,1.0
8128,0,T-shirt/top,1.0
8129,4,Coat,0.7127
8130,7,Sneaker,1.0
8131,6,Shirt,0.5759
8132,6,Shirt,0.715
8133,1,Trouser,1.0
8134,0,T-shirt/top,1.0
8135,5,Sandal,1.0
8136,7,Sneaker,1.0
8137,3,Dress,0.4156
8138,5,Sandal,1.0
8139,9,Ankle boot,1.0
8140,2,Pullover,0.4329
8141,3,Dress,0.4181
8142,2,Pullover,1.0
8143,8,Bag,1.0
8144,5,Sandal,1.0
8145,8,Bag,1.0
8146,1,Trouser,1.0
8147,9,Ankle boot,1.0
8148,6,Shirt,0.5758
8149,7,Sneaker,1.0
8150,6,Shirt,0.5812
8151,7,Sneaker,1.0
8152,3,Dress,1.0
8153,6,Shirt,0.5768
8154,2,Pullover,0.5743
8155,5,Sandal,0.6049
8156,8,Bag,0.7149
8157,8,Bag,1.0
8158,8,Bag,1.0
8159,8,Bag,1.0
8160,7,Sneaker,1.0
8161,4,Coat,0.588
8162,6,Shirt,0.5738
8163,5,Sandal,1.0
8164,1,Trouser,1.0
8165,5,Sandal,1.0
8166,9,Ankle boot,1.0
8167,6,Shirt,1.0
8168,0,T-shirt/top,1.0
8169,9,Ankle boot,1.0
8170,5,Sandal,1.0
8171,8,Bag,1.0
8172,5,Sandal,1.0
8173,7,Sneaker,1.0
8174,3,Dress,0.5756
8175,9,Ankle boot,1.0
8176,8,Bag,1.0
8177,3,Dress,1.0
8178,4,Coat,0.8779
8179,6,Shirt,0.5822
8180,5,Sandal,1.0
8181,7,Sneaker,1.0
8182,5,Sandal,1.0
8183,1,Trouser,1.0
8184,1,Trouser,1.0
8185,5,Sandal,1.0
8186,4,Coat,0.8659
8187,1,Trouser,1.0
8188,8,Bag,0.607
8189,5,Sandal,0.8479
8190,8,Bag,1.0
8191,2,Pullover,0.5845
8192,9,Ankle boot,1.0
8193,6,Shirt,1.0
8194,3,Dress,1.0
8195,3,Dress,1.0
8196,4,Coat,0.5958
8197,0,T-shirt/top,0.8635
8198,2,Pullover,0.7115
8199,4,Coat,0.8569
8200,1,Trouser,1.0
8201,1,Trouser,1.0
8202,4,Coat,0.8589
8203,7,Sneaker,1.0
8204,3,Dress,0.5622
8205,7,Sneaker,1.0
8206,0,T-shirt/top,1.0
8207,2,Pullover,1.0
8208,8,Bag,0.8584
8209,8,Bag,1.0
8210,8,Bag,1.0
8211,8,Bag,0.7286
8212,7,Sneaker,1.0
8213,7,Sneaker,0.7149
8214,1,Trouser,1.0
8215,2,Pullover,1.0
8216,6,Shirt,1.0
8217,2,Pullover,0.74
8218,1,Trouser,1.0
8219,6,Shirt,1.0
8220,0,T-shirt/top,1.0
8221,2,Pullover,1.0
8222,5,Sandal,1.0
8223,8,Bag,1.0
8224,2,Pullover,1.0
8225,4,Coat,1.0
8226,2,Pullover,0.5822
8227,3,Dress,0.5643
8228,1,Trouser,1.0
8229,5,Sandal,1.0
8230,5,Sandal,1.0
8231,4,Coat,0.8626
8232,4,Coat,1.0
8233,0,T-shirt/top,1.0
8234,5,Sandal,1.0
8235,6,Shirt,0.448
8236,7,Sneaker,1.0
8237,0,T-shirt/top,0.8621
8238,3,Dress,1.0
8239,4,Coat,1.0
8240,5,Sandal,1.0
8241,5,Sandal,1.0
8242,7,Sneaker,1.0
8243,5,Sandal,1.0
8244,7,Sneaker,1.0
8245,0,T-shirt/top,0.7093
8246,1,Trouser,1.0
8247,1,Trouser,1.0
8248,9,Ankle boot,1.0
8249,7,Sneaker,1.0
8250,5,Sandal,1.0
8251,0,T-shirt/top,0.8502
8252,1,Trouser,1.0
8253,9,Ankle boot,1.0
8254,6,Shirt,1.0
8255,3,Dress,1.0
8256,6,Shirt,1.0
8257,5,Sandal,1.0
8258,4,Coat,1.0
8259,0,T-shirt/top,0.7009
8260,4,Coat,0.8475
8261,5,Sandal,1.0
8262,7,Sneaker,1.0
8263,2,Pullover,1.0
8264,2,Pullover,1.0
8265,2,Pullover,1.0
8266,0,T-shirt/top,0.89
8267,5,Sandal,1.0
8268,6,Shirt,0.5781
8269,6,Shirt,0.8348
8270,3,Dress,1.0
8271,7,Sneaker,1.0
8272,8,Bag,1.0
8273,6,Shirt,1.0
8274,2,Pullover,0.863
8275,6,Shirt,0.5781
8276,1,Trouser,1.0
8277,1,Trouser,1.0
8278,5,Sandal,0.5675
8279,9,Ankle boot,0.7105
8280,2,Pullover,1.0
8281,5,Sandal,1.0
8282,3,Dress,0.8568
8283,6,Shirt,0.563
8284,8,Bag,1.0
8285,5,Sandal,1.0
8286,8,Bag,1.0
8287,8,Bag,0.8821
8288,6,Shirt,0.5898
8289,1,Trouser,1.0
8290,2,Pullover,0.8605
8291,3,Dress,1.0
8292,7,Sneaker,0.859
8293,4,Coat,0.5701
8294,9,Ankle boot,1.0
8295,0,T-shirt/top,0.5749
8296,4,Coat,0.8574
8297,7,Sneaker,0.8512
8298,6,Shirt,0.5774
8299,3,Dress,1.0
8300,4,Coat,1.0
8301,9,Ankle boot,1.0
8302,5,Sandal,1.0
8303,5,Sandal,0.8528
8304,9,Ankle boot,1.0
8305,4,Coat,0.7318
8306,6,Shirt,0.5864
8307,4,Coat,0.7181
8308,1,Trouser,1.0
8309,1,Trouser,1.0
8310,8,Bag,1.0
8311,9,Ankle boot,1.0
8312,4,Coat,0.8587
8313,2,Pullover,0.6027
8314,2,Pullover,1.0
8315,3,Dress,1.0
8316,3,Dress,1.0
8317,0,T-shirt/top,0.8629
8318,7,Sneaker,1.0
8319,1,Trouser,1.0
8320,8,Bag,1.0
8321,8,Bag,1.0
8322,5,Sandal,1.0
8323,0,T-shirt/top,0.5711
8324,4,Coat,0.5591
8325,7,Sneaker,1.0
8326,7,Sneaker,1.0
8327,1,Trouser,1.0
8328,0,T-shirt/top,1.0
8329,1,Trouser,1.0
8330,4,Coat,0.719
8331,1,Trouser,1.0
8332,9,Ankle boot,1.0
8333,0,T-shirt/top,1.0
8334,4,Coat,0.584
8335,1,Trouser,1.0
8336,1,Trouser,1.0
8337,0,T-shirt/top,1.0
8338,7,Sneaker,0.8645
8339,3,Dress,1.0
8340,7,Sneaker,1.0
8341,4,Coat,0.4388
8342,9,Ankle boot,1.0
8343,0,T-shirt/top,0.7146
8344,1,Trouser,1.0
8345,8,Bag,1.0
8346,9,Ankle boot,1.0
8347,6,Shirt,0.5744
8348,6,Shirt,1.0
8349,6,Shirt,1.0
8350,0,T-shirt/top,1.0
8351,9,Ankle boot,1.0
8352,1,Trouser,1.0
8353,6,Shirt,0.5902
8354,1,Trouser,1.0
8355,2,Pullover,0.5788
8356,7,Sneaker,1.0
8357,8,Bag,1.0
8358,0,T-shirt/top,1.0
8359,5,Sandal,1.0
8360,0,T-shirt/top,0.5717
8361,8,Bag,1.0
8362,2,Pullover,1.0
8363,5,Sandal,1.0
8364,5,Sandal,1.0
8365,1,Trouser,1.0
8366,5,Sandal,1.0
8367,9,Ankle boot,1.0
8368,1,Trouser,1.0
8369,8,Bag,1.0
8370,5,Sandal,1.0
8371,3,Dress,0.5956
8372,1,Trouser,1.0
8373,2,Pullover,0.5715
8374,2,Pullover,0.7169
8375,6,Shirt,0.433
8376,7,Sneaker,1.0
8377,3,Dress,1.0
8378,5,Sandal,1.0
8379,4,Coat,0.8604
8380,8,Bag,1.0
8381,0,T-shirt/top,0.8696
8382,9,Ankle boot,0.7159
8383,1,Trouser,1.0
8384,2,Pullover,0.5759
8385,3,Dress,0.8581
8386,9,Ankle boot,1.0
8387,8,Bag,1.0
8388,3,Dress,1.0
8389,8,Bag,1.0
8390,7,Sneaker,1.0
8391,7,Sneaker,1.0
8392,9,Ankle boot,1.0
8393,7,Sneaker,1.0
8394,0,T-shirt/top,1.0
8395,9,Ankle boot,1.0
8396,4,Coat,0.5584
8397,0,T-shirt/top,1.0
8398,9,Ankle boot,1.0
8399,4,Coat,0.5829
8400,1,Trouser,1.0
8401,9,Ankle boot,1.0
8402,8,Bag,1.0
8403,6,Shirt,1.0
8404,4,Coat,0.5685
8405,7,Sneaker,0.8657
8406,4,Coat,0.5727
8407,9,Ankle boot,1.0
8408,5,Sandal,1.0
8409,4,Coat,1.0
8410,7,Sneaker,1.0
8411,1,Trouser,1.0
8412,2,Pullover,1.0
8413,1,Trouser,1.0
8414,2,Pullover,0.869
8415,3,Dress,0.864
8416,9,Ankle boot,1.0
8417,2,Pullover,1.0
8418,0,T-shirt/top,1.0
8419,5,Sandal,0.7379
8420,0,T-shirt/top,0.7366
8421,0,T-shirt/top,1.0
8422,5,Sandal,1.0
8423,5,Sandal,1.0
8424,4,Coat,0.8618
8425,0,T-shirt/top,0.5743
8426,9,Ankle boot,1.0
8427,9,Ankle boot,1.0
8428,1,Trouser,1.0
8429,6,Shirt,0.7115
8430,7,Sneaker,1.0
8431,7,Sneaker,0.8661
8432,7,Sneaker,1.0
8433,4,Coat,0.8623
8434,5,Sandal,1.0
8435,1,Trouser,1.0
8436,2,Pullover,0.5737
8437,0,T-shirt/top,1.0
8438,6,Shirt,0.8657
8439,3,Dress,1.0
8440,8,Bag,1.0
8441,9,Ankle boot,1.0
8442,8,Bag,1.0
8443,4,Coat,1.0
8444,1,Trouser,1.0
8445,0,T-shirt/top,1.0
8446,8,Bag,1.0
8447,3,Dress,0.7081
8448,9,Ankle boot,1.0
8449,8,Bag,1.0
8450,8,Bag,1.0
8451,7,Sneaker,1.0
8452,8,Bag,1.0
8453,3,Dress,1.0
8454,6,Shirt,0.5745
8455,0,T-shirt/top,1.0
8456,7,Sneaker,1.0
8457,4,Coat,0.5643
8458,8,Bag,1.0
8459,0,T-shirt/top,0.5619
8460,9,Ankle boot,1.0
8461,9,Ankle boot,1.0
8462,4,Coat,0.5737
8463,5,Sandal,0.5677
8464,7,Sneaker,1.0
8465,2,Pullover,0.5878
8466,2,Pullover,1.0
8467,1,Trouser,1.0
8468,5,Sandal,1.0
8469,3,Dress,0.835
8470,4,Coat,0.697
8471,0,T-shirt/top,0.8811
8472,5,Sandal,1.0
8473,5,Sandal,1.0
8474,0,T-shirt/top,1.0
8475,8,Bag,1.0
8476,4,Coat,0.7324
8477,7,Sneaker,1.0
8478,8,Bag,1.0
8479,9,Ankle boot,1.0
8480,4,Coat,1.0
8481,2,Pullover,1.0
8482,1,Trouser,1.0
8483,7,Sneaker,0.8547
8484,4,Coat,0.8609
8485,4,Coat,0.7232
8486,4,Coat,0.8634
8487,9,Ankle boot,0.864
8488,4,Coat,1.0
8489,3,Dress,1.0
8490,6,Shirt,0.8649
8491,0,T-shirt/top,1.0
8492,7,Sneaker,0.74
8493,7,Sneaker,1.0
8494,8,Bag,1.0
8495,0,T-shirt/top,0.8627
8496,9,Ankle boot,1.0
8497,1,Trouser,1.0
8498,2,Pullover,1.0
8499,6,Shirt,1.0
8500,2,Pullover,1.0
8501,9,Ankle boot,1.0
8502,7,Sneaker,0.8484
8503,1,Trouser,1.0
8504,9,Ankle boot,1.0
8505,9,Ankle boot,0.5647
8506,3,Dress,1.0
8507,3,Dress,1.0
8508,1,Trouser,1.0
8509,2,Pullover,0.8617
8510,3,Dress,1.0
8511,5,Sandal,1.0
8512,4,Coat,0.8557
8513,3,Dress,0.8615
8514,7,Sneaker,0.8611
8515,4,Coat,0.8832
8516,1,Trouser,1.0
8517,6,Shirt,0.5599
8518,4,Coat,0.564
8519,2,Pullover,0.7251
8520,7,Sneaker,1.0
8521,5,Sandal,1.0
8522,4,Coat,1.0
8523,6,Shirt,1.0
8524,7,Sneaker,1.0
8525,7,Sneaker,0.7239
8526,8,Bag,1.0
8527,1,Trouser,1.0
8528,8,Bag,1.0
8529,1,Trouser,1.0
8530,2,Pullover,0.4665
8531,2,Pullover,0.7129
8532,7,Sneaker,1.0
8533,5,Sandal,1.0
8534,6,Shirt,0.8365
8535,1,Trouser,1.0
8536,2,Pullover,0.702
8537,6,Shirt,0.5706
8538,6,Shirt,0.7018
8539,1,Trouser,1.0
8540,2,Pullover,0.7356
8541,0,T-shirt/top,1.0
8542,7,Sneaker,1.0
8543,6,Shirt,1.0
8544,8,Bag,1.0
8545,8,Bag,1.0
8546,2,Pullover,0.847
8547,8,Bag,1.0
8548,4,Coat,0.8626
8549,5,Sandal,1.0
8550,0,T-shirt/top,1.0
8551,0,T-shirt/top,1.0
8552,1,Trouser,1.0
8553,7,Sneaker,1.0
8554,9,Ankle boot,1.0
8555,7,Sneaker,0.8615
8556,3,Dress,0.7234
8557,9,Ankle boot,1.0
8558,4,Coat,0.8602
8559,0,T-shirt/top,0.7
8560,2,Pullover,0.8815
8561,8,Bag,1.0
8562,7,Sneaker,1.0
8563,1,Trouser,1.0
8564,0,T-shirt/top,0.5773
8565,8,Bag,1.0
8566,7,Sneaker,0.8703
8567,6,Shirt,0.5536
8568,8,Bag,0.8981
8569,6,Shirt,0.4285
8570,8,Bag,1.0
8571,2,Pullover,1.0
8572,8,Bag,1.0
8573,0,T-shirt/top,1.0
8574,1,Trouser,1.0
8575,5,Sandal,0.8547
8576,3,Dress,0.8563
8577,8,Bag,1.0
8578,1,Trouser,1.0
8579,7,Sneaker,1.0
8580,4,Coat,0.5772
8581,9,Ankle boot,1.0
8582,3,Dress,0.7239
8583,7,Sneaker,1.0
8584,9,Ankle boot,1.0
8585,5,Sandal,1.0
8586,1,Trouser,1.0
8587,8,Bag,1.0
8588,3,Dress,1.0
8589,0,T-shirt/top,0.844
8590,9,Ankle boot,1.0
8591,6,Shirt,0.5693
8592,0,T-shirt/top,0.7231
8593,2,Pullover,1.0
8594,4,Coat,0.8619
8595,2,Pullover,1.0
8596,7,Sneaker,1.0
8597,6,Shirt,1.0
8598,6,Shirt,0.5539
8599,9,Ankle boot,1.0
8600,8,Bag,1.0
8601,8,Bag,1.0
8602,1,Trouser,1.0
8603,5,Sandal,1.0
8604,7,Sneaker,1.0
8605,7,Sneaker,1.0
8606,1,Trouser,1.0
8607,7,Sneaker,0.5615
8608,5,Sandal,1.0
8609,4,Coat,0.7093
8610,1,Trouser,0.7256
8611,0,T-shirt/top,1.0
8612,7,Sneaker,1.0
8613,8,Bag,1.0
8614,7,Sneaker,1.0
8615,3,Dress,1.0
8616,7,Sneaker,1.0
8617,3,Dress,0.4414
8618,6,Shirt,0.8584
8619,5,Sandal,1.0
8620,5,Sandal,1.0
8621,1,Trouser,0.2934
8622,6,Shirt,0.5544
8623,7,Sneaker,0.7558
8624,2,Pullover,1.0
8625,0,T-shirt/top,0.5648
8626,3,Dress,0.8616
8627,2,Pullover,0.7488
8628,0,T-shirt/top,0.8639
8629,4,Coat,0.7194
8630,7,Sneaker,1.0
8631,8,Bag,1.0
8632,6,Shirt,0.8525
8633,6,Shirt,0.4354
8634,0,T-shirt/top,0.5943
8635,1,Trouser,1.0
8636,5,Sandal,1.0
8637,3,Dress,1.0
8638,8,Bag,1.0
8639,3,Dress,1.0
8640,9,Ankle boot,0.8637
8641,7,Sneaker,1.0
8642,1,Trouser,1.0
8643,7,Sneaker,1.0
8644,1,Trouser,1.0
8645,6,Shirt,0.4318
8646,3,Dress,0.579
8647,8,Bag,1.0
8648,5,Sandal,0.5786
8649,6,Shirt,0.8416
8650,0,T-shirt/top,1.0
8651,6,Shirt,1.0
8652,4,Coat,0.7063
8653,1,Trouser,1.0
8654,1,Trouser,1.0
8655,2,Pullover,1.0
8656,9,Ankle boot,1.0
8657,0,T-shirt/top,0.8529
8658,4,Coat,0.7053
8659,6,Shirt,0.8578
8660,1,Trouser,1.0
8661,3,Dress,1.0
8662,2,Pullover,0.4618
8663,7,Sneaker,1.0
8664,0,T-shirt/top,0.4322
8665,1,Trouser,1.0
8666,8,Bag,1.0
8667,7,Sneaker,1.0
8668,7,Sneaker,1.0
8669,6,Shirt,0.2881
8670,0,T-shirt/top,1.0
8671,5,Sandal,1.0
8672,0,T-shirt/top,1.0
8673,4,Coat,0.8605
8674,6,Shirt,1.0
8675,2,Pullover,1.0
8676,4,Coat,0.4335
8677,5,Sandal,1.0
8678,4,Coat,0.7192
8679,1,Trouser,1.0
8680,8,Bag,1.0
8681,2,Pullover,1.0
8682,1,Trouser,1.0
8683,7,Sneaker,1.0
8684,3,Dress,1.0
8685,8,Bag,1.0
8686,8,Bag,1.0
8687,9,Ankle boot,1.0
8688,5,Sandal,1.0
8689,0,T-shirt/top,0.8636
8690,1,Trouser,1.0
8691,8,Bag,1.0
8692,1,Trouser,1.0
8693,4,Coat,0.8566
8694,9,Ankle boot,1.0
8695,0,T-shirt/top,0.5688
8696,3,Dress,1.0
8697,1,Trouser,1.0
8698,1,Trouser,1.0
8699,6,Shirt,0.5769
8700,7,Sneaker,1.0
8701,8,Bag,1.0
8702,3,Dress,1.0
8703,4,Coat,0.729
8704,9,Ankle boot,1.0
8705,0,T-shirt/top,0.5714
8706,2,Pullover,1.0
8707,8,Bag,1.0
8708,3,Dress,0.8662
8709,8,Bag,1.0
8710,2,Pullover,0.5619
8711,9,Ankle boot,1.0
8712,4,Coat,1.0
8713,7,Sneaker,0.8561
8714,7,Sneaker,0.8498
8715,0,T-shirt/top,0.8662
8716,4,Coat,0.847
8717,0,T-shirt/top,0.578
8718,2,Pullover,0.7219
8719,5,Sandal,1.0
8720,7,Sneaker,1.0
8721,3,Dress,0.8651
8722,7,Sneaker,1.0
8723,6,Shirt,0.5673
8724,6,Shirt,1.0
8725,6,Shirt,0.5849
8726,9,Ankle boot,1.0
8727,3,Dress,1.0
8728,0,T-shirt/top,0.5955
8729,5,Sandal,0.7168
8730,4,Coat,1.0
8731,1,Trouser,1.0
8732,2,Pullover,1.0
8733,1,Trouser,1.0
8734,8,Bag,1.0
8735,1,Trouser,1.0
8736,9,Ankle boot,1.0
8737,4,Coat,1.0
8738,8,Bag,1.0
8739,9,Ankle boot,1.0
8740,9,Ankle boot,1.0
8741,3,Dress,1.0
8742,3,Dress,1.0
8743,7,Sneaker,1.0
8744,0,T-shirt/top,1.0
8745,0,T-shirt/top,1.0
8746,6,Shirt,0.721
8747,1,Trouser,1.0
8748,6,Shirt,0.6249
8749,6,Shirt,0.7023
8750,6,Shirt,0.7051
8751,4,Coat,1.0
8752,2,Pullover,1.0
8753,2,Pullover,1.0
8754,7,Sneaker,0.7223
8755,0,T-shirt/top,1.0
8756,6,Shirt,0.7148
8757,1,Trouser,0.5754
8758,4,Coat,0.5742
8759,0,T-shirt/top,1.0
8760,0,T-shirt/top,0.8468
8761,1,Trouser,1.0
8762,6,Shirt,0.451
8763,8,Bag,0.5559
8764,6,Shirt,0.4363
8765,9,Ankle boot,1.0
8766,7,Sneaker,0.5859
8767,9,Ankle boot,1.0
8768,6,Shirt,0.7016
8769,6,Shirt,0.7139
8770,3,Dress,1.0
8771,7,Sneaker,1.0
8772,5,Sandal,1.0
8773,1,Trouser,1.0
8774,4,Coat,0.7177
8775,7,Sneaker,1.0
8776,7,Sneaker,1.0
8777,5,Sandal,0.7196
8778,8,Bag,1.0
8779,0,T-shirt/top,1.0
8780,9,Ankle boot,1.0
8781,1,Trouser,1.0
8782,0,T-shirt/top,0.8663
8783,1,Trouser,1.0
8784,4,Coat,0.8611
8785,9,Ankle boot,1.0
8786,1,Trouser,1.0
8787,6,Shirt,1.0
8788,5,Sandal,0.8604
8789,3,Dress,1.0
8790,3,Dress,1.0
8791,0,T-shirt/top,1.0
8792,7,Sneaker,1.0
8793,1,Trouser,1.0
8794,2,Pullover,0.5766
8795,7,Sneaker,1.0
8796,9,Ankle boot,1.0
8797,4,Coat,0.5831
8798,7,Sneaker,1.0
8799,6,Shirt,0.5767
8800,4,Coat,0.5696
8801,4,Coat,0.5686
8802,6,Shirt,1.0
8803,7,Sneaker,0.8678
8804,2,Pullover,0.7166
8805,7,Sneaker,1.0
8806,3,Dress,0.4389
8807,1,Trouser,1.0
8808,7,Sneaker,0.5967
8809,8,Bag,1.0
8810,8,Bag,1.0
8811,7,Sneaker,1.0
8812,0,T-shirt/top,0.8726
8813,1,Trouser,1.0
8814,4,Coat,0.7147
8815,0,T-shirt/top,1.0
8816,9,Ankle boot,1.0
8817,7,Sneaker,1.0
8818,9,Ankle boot,0.8665
8819,9,Ankle boot,1.0
8820,1,Trouser,1.0
8821,2,Pullover,1.0
8822,0,T-shirt/top,1.0
8823,4,Coat,0.7008
8824,7,Sneaker,1.0
8825,6,Shirt,0.7083
8826,3,Dress,0.7295
8827,4,Coat,0.5941
8828,1,Trouser,1.0
8829,7,Sneaker,0.7027
8830,5,Sandal,1.0
8831,7,Sneaker,1.0
8832,6,Shirt,0.4422
8833,9,Ankle boot,1.0
8834,6,Shirt,0.7168
8835,0,T-shirt/top,0.8618
8836,3,Dress,1.0
8837,1,Trouser,1.0
8838,4,Coat,0.861
8839,7,Sneaker,1.0
8840,9,Ankle boot,1.0
8841,3,Dress,1.0
8842,6,Shirt,0.865
8843,7,Sneaker,1.0
8844,8,Bag,1.0
8845,4,Coat,0.8589
8846,7,Sneaker,1.0
8847,4,Coat,0.6919
8848,0,T-shirt/top,1.0
8849,8,Bag,1.0
8850,3,Dress,1.0
8851,0,T-shirt/top,0.8832
8852,1,Trouser,1.0
8853,7,Sneaker,1.0
8854,9,Ankle boot,1.0
8855,6,Shirt,0.5705
8856,9,Ankle boot,1.0
8857,1,Trouser,1.0
8858,6,Shirt,0.7132
8859,6,Shirt,1.0
8860,7,Sneaker,1.0
8861,1,Trouser,1.0
8862,0,T-shirt/top,1.0
8863,6,Shirt,1.0
8864,3,Dress,1.0
8865,7,Sneaker,0.8588
8866,3,Dress,1.0
8867,1,Trouser,1.0
8868,8,Bag,1.0
8869,6,Shirt,0.6559
8870,5,Sandal,1.0
8871,9,Ankle boot,1.0
8872,5,Sandal,1.0
8873,8,Bag,1.0
8874,1,Trouser,1.0
8875,0,T-shirt/top,1.0
8876,9,Ankle boot,1.0
8877,6,Shirt,0.5676
8878,6,Shirt,0.5743
8879,4,Coat,0.8497
8880,1,Trouser,1.0
8881,1,Trouser,1.0
8882,4,Coat,1.0
8883,7,Sneaker,1.0
8884,3,Dress,0.7113
8885,0,T-shirt/top,0.8639
8886,7,Sneaker,1.0
8887,9,Ankle boot,1.0
8888,8,Bag,0.8781
8889,9,Ankle boot,1.0
8890,5,Sandal,1.0
8891,2,Pullover,0.8686
8892,0,T-shirt/top,0.5852
8893,4,Coat,0.8662
8894,7,Sneaker,1.0
8895,2,Pullover,0.7196
8896,6,Shirt,0.435
8897,8,Bag,1.0
8898,3,Dress,1.0
8899,8,Bag,1.0
8900,1,Trouser,1.0
8901,1,Trouser,1.0
8902,2,Pullover,1.0
8903,4,Coat,0.8671
8904,8,Bag,1.0
8905,1,Trouser,1.0
8906,0,T-shirt/top,1.0
8907,8,Bag,1.0
8908,1,Trouser,1.0
8909,8,Bag,1.0
8910,5,Sandal,0.729
8911,3,Dress,0.8654
8912,2,Pullover,1.0
8913,7,Sneaker,0.7239
8914,0,T-shirt/top,0.7131
8915,2,Pullover,0.8712
8916,4,Coat,0.7225
8917,9,Ankle boot,1.0
8918,6,Shirt,0.7212
8919,2,Pullover,1.0
8920,3,Dress,0.4381
8921,9,Ankle boot,1.0
8922,9,Ankle boot,1.0
8923,6,Shirt,0.7288
8924,9,Ankle boot,1.0
8925,9,Ankle boot,1.0
8926,6,Shirt,1.0
8927,7,Sneaker,1.0
8928,3,Dress,1.0
8929,4,Coat,0.7064
8930,3,Dress,1.0
8931,3,Dress,1.0
8932,9,Ankle boot,1.0
8933,3,Dress,0.555
8934,7,Sneaker,1.0
8935,7,Sneaker,1.0
8936,8,Bag,1.0
8937,1,Trouser,1.0
8938,1,Trouser,1.0
8939,0,T-shirt/top,0.453
8940,6,Shirt,0.6545
8941,5,Sandal,1.0
8942,7,Sneaker,1.0
8943,9,Ankle boot,1.0
8944,4,Coat,1.0
8945,7,Sneaker,1.0
8946,4,Coat,0.584
8947,7,Sneaker,1.0
8948,0,T-shirt/top,1.0
8949,6,Shirt,0.4069
8950,6,Shirt,0.4403
8951,9,Ankle boot,1.0
8952,7,Sneaker,0.6818
8953,7,Sneaker,1.0
8954,7,Sneaker,1.0
8955,5,Sandal,1.0
8956,0,T-shirt/top,1.0
8957,1,Trouser,1.0
8958,4,Coat,0.4197
8959,3,Dress,1.0
8960,4,Coat,0.8661
8961,6,Shirt,0.7098
8962,4,Coat,0.8519
8963,0,T-shirt/top,1.0
8964,9,Ankle boot,1.0
8965,8,Bag,1.0
8966,7,Sneaker,1.0
8967,8,Bag,1.0
8968,4,Coat,1.0
8969,2,Pullover,0.859
8970,8,Bag,1.0
8971,9,Ankle boot,0.5831
8972,7,Sneaker,0.8615
8973,1,Trouser,1.0
8974,6,Shirt,1.0
8975,7,Sneaker,1.0
8976,9,Ankle boot,1.0
8977,9,Ankle boot,1.0
8978,0,T-shirt/top,1.0
8979,1,Trouser,1.0
8980,9,Ankle boot,0.4446
8981,1,Trouser,1.0
8982,1,Trouser,1.0
8983,3,Dress,1.0
8984,6,Shirt,1.0
8985,7,Sneaker,0.7161
8986,9,Ankle boot,1.0
8987,8,Bag,1.0
8988,3,Dress,1.0
8989,3,Dress,1.0
8990,8,Bag,1.0
8991,7,Sneaker,0.7191
8992,2,Pullover,0.552
8993,4,Coat,1.0
8994,3,Dress,1.0
8995,6,Shirt,1.0
8996,8,Bag,1.0
8997,6,Shirt,0.55
8998,9,Ankle boot,1.0
8999,6,Shirt,0.4476
9000,6,Shirt,1.0
9001,9,Ankle boot,1.0
9002,0,T-shirt/top,0.7275
9003,1,Trouser,1.0
9004,6,Shirt,0.8607
9005,8,Bag,1.0
9006,1,Trouser,1.0
9007,8,Bag,1.0
9008,2,Pullover,1.0
9009,1,Trouser,1.0
9010,8,Bag,1.0
9011,1,Trouser,1.0
9012,7,Sneaker,0.8547
9013,1,Trouser,1.0
9014,9,Ankle boot,1.0
9015,1,Trouser,1.0
9016,8,Bag,1.0
9017,3,Dress,0.7092
9018,9,Ankle boot,1.0
9019,4,Coat,1.0
9020,1,Trouser,1.0
9021,0,T-shirt/top,0.8779
9022,8,Bag,1.0
9023,6,Shirt,0.5834
9024,4,Coat,0.8617
9025,4,Coat,0.7054
9026,8,Bag,1.0
9027,2,Pullover,0.8489
9028,2,Pullover,0.6888
9029,5,Sandal,1.0
9030,5,Sandal,0.8101
9031,0,T-shirt/top,1.0
9032,2,Pullover,0.5694
9033,4,Coat,0.586
9034,9,Ankle boot,1.0
9035,8,Bag,1.0
9036,0,T-shirt/top,1.0
9037,1,Trouser,1.0
9038,0,T-shirt/top,1.0
9039,0,T-shirt/top,1.0
9040,4,Coat,0.725
9041,8,Bag,1.0
9042,3,Dress,0.8573
9043,4,Coat,1.0
9044,7,Sneaker,1.0
9045,7,Sneaker,1.0
9046,5,Sandal,1.0
9047,9,Ankle boot,1.0
9048,2,Pullover,1.0
9049,5,Sandal,1.0
9050,4,Coat,0.5968
9051,4,Coat,0.4328
9052,9,Ankle boot,1.0
9053,9,Ankle boot,1.0
9054,4,Coat,1.0
9055,8,Bag,1.0
9056,7,Sneaker,1.0
9057,6,Shirt,0.8563
9058,9,Ankle boot,1.0
9059,6,Shirt,0.566
9060,4,Coat,0.5678
9061,0,T-shirt/top,0.5697
9062,6,Shirt,0.4365
9063,8,Bag,1.0
9064,0,T-shirt/top,0.7206
9065,1,Trouser,1.0
9066,9,Ankle boot,1.0
9067,2,Pullover,1.0
9068,1,Trouser,1.0
9069,6,Shirt,0.5853
9070,7,Sneaker,1.0
9071,1,Trouser,0.8897
9072,8,Bag,1.0
9073,7,Sneaker,0.549
9074,0,T-shirt/top,0.8589
9075,4,Coat,1.0
9076,6,Shirt,1.0
9077,4,Coat,0.7113
9078,1,Trouser,1.0
9079,1,Trouser,1.0
9080,9,Ankle boot,1.0
9081,8,Bag,1.0
9082,8,Bag,1.0
9083,9,Ankle boot,1.0
9084,1,Trouser,1.0
9085,2,Pullover,1.0
9086,6,Shirt,0.8615
9087,6,Shirt,0.7109
9088,5,Sandal,1.0
9089,2,Pullover,0.7192
9090,5,Sandal,1.0
9091,6,Shirt,0.7071
9092,8,Bag,1.0
9093,3,Dress,0.8746
9094,2,Pullover,0.5563
9095,1,Trouser,1.0
9096,8,Bag,1.0
9097,6,Shirt,1.0
9098,1,Trouser,1.0
9099,5,Sandal,1.0
9100,0,T-shirt/top,0.703
9101,3,Dress,1.0
9102,3,Dress,1.0
9103,1,Trouser,1.0
9104,9,Ankle boot,1.0
9105,2,Pullover,0.8843
9106,8,Bag,0.867
9107,7,Sneaker,1.0
9108,8,Bag,1.0
9109,2,Pullover,0.8327
9110,3,Dress,1.0
9111,6,Shirt,1.0
9112,2,Pullover,0.724
9113,5,Sandal,1.0
9114,0,T-shirt/top,0.4245
9115,9,Ankle boot,1.0
9116,0,T-shirt/top,1.0
9117,7,Sneaker,0.4335
9118,1,Trouser,1.0
9119,1,Trouser,1.0
9120,7,Sneaker,1.0
9121,9,Ankle boot,1.0
9122,0,T-shirt/top,1.0
9123,1,Trouser,1.0
9124,6,Shirt,1.0
9125,7,Sneaker,1.0
9126,7,Sneaker,0.8472
9127,4,Coat,0.7325
9128,6,Shirt,0.5691
9129,3,Dress,1.0
9130,3,Dress,1.0
9131,2,Pullover,0.5623
9132,1,Trouser,1.0
9133,0,T-shirt/top,0.8249
9134,0,T-shirt/top,0.8543
9135,9,Ankle boot,1.0
9136,9,Ankle boot,1.0
9137,8,Bag,1.0
9138,2,Pullover,0.7271
9139,9,Ankle boot,1.0
9140,6,Shirt,0.4502
9141,4,Coat,0.5633
9142,5,Sandal,1.0
9143,4,Coat,0.7263
9144,7,Sneaker,1.0
9145,2,Pullover,1.0
9146,6,Shirt,0.7114
9147,5,Sandal,0.8597
9148,2,Pullover,0.6832
9149,6,Shirt,0.5746
9150,9,Ankle boot,1.0
9151,3,Dress,1.0
9152,7,Sneaker,0.4345
9153,0,T-shirt/top,1.0
9154,6,Shirt,0.8614
9155,3,Dress,1.0
9156,5,Sandal,1.0
9157,0,T-shirt/top,0.2872
9158,4,Coat,0.863
9159,3,Dress,1.0
9160,4,Coat,0.859
9161,6,Shirt,1.0
9162,9,Ankle boot,1.0
9163,8,Bag,1.0
9164,8,Bag,1.0
9165,0,T-shirt/top,0.6743
9166,2,Pullover,0.8573
9167,0,T-shirt/top,1.0
9168,0,T-shirt/top,1.0
9169,3,Dress,0.8574
9170,9,Ankle boot,1.0
9171,4,Coat,0.8493
9172,2,Pullover,1.0
9173,8,Bag,1.0
9174,1,Trouser,1.0
9175,9,Ankle boot,1.0
9176,2,Pullover,1.0
9177,2,Pullover,0.5816
9178,9,Ankle boot,1.0
9179,3,Dress,0.8637
9180,6,Shirt,0.8751
9181,2,Pullover,1.0
9182,0,T-shirt/top,1.0
9183,6,Shirt,1.0
9184,7,Sneaker,1.0
9185,0,T-shirt/top,0.4431
9186,5,Sandal,1.0
9187,0,T-shirt/top,1.0
9188,6,Shirt,0.5641
9189,3,Dress,1.0
9190,1,Trouser,1.0
9191,3,Dress,1.0
9192,0,T-shirt/top,1.0
9193,9,Ankle boot,1.0
9194,5,Sandal,1.0
9195,4,Coat,1.0
9196,3,Dress,1.0
9197,9,Ankle boot,0.8595
9198,6,Shirt,0.5722
9199,6,Shirt,0.5595
9200,2,Pullover,0.5594
9201,9,Ankle boot,1.0
9202,0,T-shirt/top,1.0
9203,7,Sneaker,1.0
9204,3,Dress,0.7201
9205,5,Sandal,1.0
9206,6,Shirt,1.0
9207,8,Bag,1.0
9208,2,Pullover,1.0
9209,1,Trouser,1.0
9210,0,T-shirt/top,0.7367
9211,2,Pullover,0.4595
9212,6,Shirt,1.0
9213,5,Sandal,0.8665
9214,9,Ankle boot,1.0
9215,4,Coat,0.5772
9216,5,Sandal,1.0
9217,0,T-shirt/top,0.8736
9218,6,Shirt,0.5677
9219,0,T-shirt/top,1.0
9220,7,Sneaker,1.0
9221,4,Coat,0.8665
9222,0,T-shirt/top,0.5606
9223,8,Bag,1.0
9224,3,Dress,1.0
9225,3,Dress,0.5768
9226,8,Bag,1.0
9227,0,T-shirt/top,0.4463
9228,3,Dress,0.8577
9229,8,Bag,1.0
9230,9,Ankle boot,0.8606
9231,4,Coat,1.0
9232,0,T-shirt/top,1.0
9233,8,Bag,1.0
9234,8,Bag,1.0
9235,3,Dress,0.8534
9236,8,Bag,1.0
9237,2,Pullover,0.5708
9238,7,Sneaker,0.5657
9239,7,Sneaker,1.0
9240,0,T-shirt/top,1.0
9241,3,Dress,1.0
9242,6,Shirt,1.0
9243,8,Bag,1.0
9244,3,Dress,1.0
9245,5,Sandal,1.0
9246,9,Ankle boot,1.0
9247,6,Shirt,0.5733
9248,2,Pullover,0.7465
9249,8,Bag,1.0
9250,9,Ankle boot,1.0
9251,4,Coat,0.7143
9252,1,Trouser,1.0
9253,0,T-shirt/top,1.0
9254,5,Sandal,1.0
9255,5,Sandal,1.0
9256,2,Pullover,0.5591
9257,2,Pullover,1.0
9258,8,Bag,1.0
9259,2,Pullover,1.0
9260,0,T-shirt/top,0.5627
9261,6,Shirt,0.7191
9262,7,Sneaker,1.0
9263,4,Coat,0.4323
9264,7,Sneaker,0.572
9265,3,Dress,1.0
9266,7,Sneaker,1.0
9267,4,Coat,1.0
9268,5,Sandal,1.0
9269,8,Bag,1.0
9270,8,Bag,1.0
9271,3,Dress,1.0
9272,9,Ankle boot,1.0
9273,5,Sandal,0.8667
9274,0,T-shirt/top,0.8617
9275,6,Shirt,1.0
9276,4,Coat,0.711
9277,6,Shirt,0.5716
9278,3,Dress,0.8724
9279,6,Shirt,0.7082
9280,6,Shirt,0.7061
9281,9,Ankle boot,1.0
9282,2,Pullover,0.8601
9283,7,Sneaker,0.5849
9284,6,Shirt,1.0
9285,7,Sneaker,0.723
9286,0,T-shirt/top,0.7226
9287,3,Dress,1.0
9288,1,Trouser,1.0
9289,7,Sneaker,1.0
9290,8,Bag,1.0
9291,6,Shirt,0.8526
9292,2,Pullover,0.706
9293,7,Sneaker,1.0
9294,3,Dress,1.0
9295,3,Dress,0.5696
9296,8,Bag,1.0
9297,0,T-shirt/top,0.3668
9298,0,T-shirt/top,0.8638
9299,9,Ankle boot,1.0
9300,2,Pullover,1.0
9301,8,Bag,1.0
9302,5,Sandal,1.0
9303,4,Coat,0.8654
9304,9,Ankle boot,0.8571
9305,6,Shirt,1.0
9306,4,Coat,0.6657
9307,4,Coat,0.7299
9308,8,Bag,0.8639
9309,0,T-shirt/top,1.0
9310,1,Trouser,1.0
9311,1,Trouser,1.0
9312,9,Ankle boot,1.0
9313,4,Coat,0.5821
9314,8,Bag,1.0
9315,2,Pullover,1.0
9316,1,Trouser,1.0
9317,9,Ankle boot,1.0
9318,5,Sandal,1.0
9319,8,Bag,1.0
9320,4,Coat,0.8381
9321,8,Bag,1.0
9322,2,Pullover,0.6457
9323,3,Dress,0.863
9324,5,Sandal,0.8628
9325,2,Pullover,0.5015
9326,6,Shirt,0.8655
9327,4,Coat,0.5599
9328,9,Ankle boot,1.0
9329,6,Shirt,0.5451
9330,6,Shirt,0.7106
9331,2,Pullover,0.8525
9332,9,Ankle boot,1.0
9333,8,Bag,1.0
9334,0,T-shirt/top,1.0
9335,5,Sandal,1.0
9336,9,Ankle boot,1.0
9337,2,Pullover,0.8613
9338,4,Coat,0.8634
9339,5,Sandal,0.8627
9340,2,Pullover,0.5803
9341,1,Trouser,1.0
9342,2,Pullover,0.4292
9343,7,Sneaker,1.0
9344,2,Pullover,0.4292
9345,4,Coat,1.0
9346,2,Pullover,1.0
9347,7,Sneaker,1.0
9348,4,Coat,0.6946
9349,6,Shirt,0.8553
9350,6,Shirt,0.8408
9351,6,Shirt,0.7237
9352,1,Trouser,1.0
9353,5,Sandal,1.0
9354,4,Coat,0.57
9355,0,T-shirt/top,1.0
9356,1,Trouser,1.0
9357,9,Ankle boot,1.0
9358,9,Ankle boot,0.8549
9359,5,Sandal,1.0
9360,6,Shirt,0.5972
9361,5,Sandal,1.0
9362,2,Pullover,0.864
9363,9,Ankle boot,1.0
9364,2,Pullover,0.8498
9365,6,Shirt,1.0
9366,4,Coat,0.7203
9367,5,Sandal,1.0
9368,4,Coat,1.0
9369,8,Bag,1.0
9370,9,Ankle boot,1.0
9371,0,T-shirt/top,0.8468
9372,9,Ankle boot,1.0
9373,5,Sandal,0.7327
9374,5,Sandal,1.0
9375,7,Sneaker,0.7115
9376,7,Sneaker,0.8576
9377,9,Ankle boot,1.0
9378,3,Dress,1.0
9379,3,Dress,0.8655
9380,8,Bag,0.883
9381,4,Coat,1.0
9382,3,Dress,0.7265
9383,9,Ankle boot,1.0
9384,3,Dress,0.8407
9385,1,Trouser,1.0
9386,0,T-shirt/top,0.8735
9387,2,Pullover,1.0
9388,5,Sandal,1.0
9389,2,Pullover,0.5769
9390,8,Bag,1.0
9391,7,Sneaker,1.0
9392,9,Ankle boot,1.0
9393,7,Sneaker,1.0
9394,7,Sneaker,1.0
9395,7,Sneaker,1.0
9396,9,Ankle boot,1.0
9397,2,Pullover,0.745
9398,6,Shirt,0.8651
9399,0,T-shirt/top,1.0
9400,6,Shirt,1.0
9401,7,Sneaker,1.0
9402,6,Shirt,0.5481
9403,1,Trouser,1.0
9404,8,Bag,1.0
9405,0,T-shirt/top,0.5886
9406,3,Dress,1.0
9407,8,Bag,1.0
9408,5,Sandal,1.0
9409,0,T-shirt/top,1.0
9410,5,Sandal,0.8661
9411,6,Shirt,1.0
9412,9,Ankle boot,1.0
9413,1,Trouser,1.0
9414,1,Trouser,1.0
9415,2,Pullover,1.0
9416,0,T-shirt/top,0.5631
9417,8,Bag,1.0
9418,9,Ankle boot,1.0
9419,7,Sneaker,1.0
9420,7,Sneaker,1.0
9421,5,Sandal,1.0
9422,8,Bag,1.0
9423,6,Shirt,0.8693
9424,1,Trouser,1.0
9425,2,Pullover,0.7204
9426,0,T-shirt/top,1.0
9427,1,Trouser,1.0
9428,8,Bag,1.0
9429,4,Coat,0.7137
9430,3,Dress,1.0
9431,4,Coat,1.0
9432,7,Sneaker,1.0
9433,9,Ankle boot,1.0
9434,3,Dress,1.0
9435,7,Sneaker,1.0
9436,5,Sandal,1.0
9437,5,Sandal,1.0
9438,0,T-shirt/top,0.6961
9439,9,Ankle boot,1.0
9440,1,Trouser,1.0
9441,4,Coat,0.86
9442,1,Trouser,1.0
9443,2,Pullover,0.4345
9444,7,Sneaker,1.0
9445,4,Coat,0.5673
9446,6,Shirt,0.5863
9447,9,Ankle boot,1.0
9448,3,Dress,1.0
9449,6,Shirt,0.7319
9450,1,Trouser,0.8431
9451,1,Trouser,1.0
9452,7,Sneaker,1.0
9453,8,Bag,1.0
9454,1,Trouser,1.0
9455,6,Shirt,0.4595
9456,5,Sandal,1.0
9457,9,Ankle boot,1.0
9458,0,T-shirt/top,1.0
9459,0,T-shirt/top,1.0
9460,9,Ankle boot,1.0
9461,9,Ankle boot,0.5845
9462,3,Dress,1.0
9463,8,Bag,1.0
9464,8,Bag,1.0
9465,6,Shirt,0.4513
9466,8,Bag,1.0
9467,5,Sandal,1.0
9468,7,Sneaker,1.0
9469,0,T-shirt/top,1.0
9470,7,Sneaker,1.0
9471,0,T-shirt/top,1.0
9472,9,Ankle boot,1.0
9473,6,Shirt,1.0
9474,9,Ankle boot,1.0
9475,4,Coat,0.5902
9476,9,Ankle boot,1.0
9477,4,Coat,0.7286
9478,8,Bag,1.0
9479,5,Sandal,0.8703
9480,3,Dress,0.4245
9481,0,T-shirt/top,1.0
9482,1,Trouser,1.0
9483,6,Shirt,0.8636
9484,6,Shirt,0.721
9485,1,Trouser,0.5791
9486,7,Sneaker,0.8657
9487,4,Coat,0.8615
9488,1,Trouser,1.0
9489,7,Sneaker,1.0
9490,7,Sneaker,1.0
9491,8,Bag,1.0
9492,5,Sandal,1.0
9493,7,Sneaker,1.0
9494,0,T-shirt/top,1.0
9495,4,Coat,0.5708
9496,4,Coat,0.8652
9497,2,Pullover,0.8612
9498,1,Trouser,1.0
9499,3,Dress,0.6512
9500,8,Bag,1.0
9501,0,T-shirt/top,0.8755
9502,0,T-shirt/top,0.4065
9503,2,Pullover,0.7242
9504,7,Sneaker,0.868
9505,5,Sandal,0.8674
9506,9,Ankle boot,1.0
9507,1,Trouser,1.0
9508,0,T-shirt/top,0.8595
9509,4,Coat,1.0
9510,3,Dress,0.864
9511,7,Sneaker,1.0
9512,0,T-shirt/top,0.8418
9513,6,Shirt,0.7176
9514,3,Dress,1.0
9515,1,Trouser,1.0
9516,8,Bag,1.0
9517,4,Coat,0.7159
9518,7,Sneaker,1.0
9519,2,Pullover,1.0
9520,5,Sandal,1.0
9521,9,Ankle boot,0.7234
9522,3,Dress,1.0
9523,1,Trouser,1.0
9524,7,Sneaker,1.0
9525,1,Trouser,1.0
9526,9,Ankle boot,1.0
9527,2,Pullover,1.0
9528,9,Ankle boot,1.0
9529,6,Shirt,0.5637
9530,2,Pullover,1.0
9531,6,Shirt,0.4202
9532,1,Trouser,1.0
9533,8,Bag,1.0
9534,3,Dress,1.0
9535,9,Ankle boot,1.0
9536,8,Bag,1.0
9537,4,Coat,0.3999
9538,0,T-shirt/top,0.723
9539,4,Coat,1.0
9540,8,Bag,1.0
9541,4,Coat,1.0
9542,5,Sandal,1.0
9543,1,Trouser,1.0
9544,2,Pullover,0.8639
9545,4,Coat,0.7148
9546,6,Shirt,1.0
9547,4,Coat,0.7122
9548,1,Trouser,0.8718
9549,8,Bag,1.0
9550,5,Sandal,1.0
9551,7,Sneaker,0.5467
9552,7,Sneaker,0.7303
9553,7,Sneaker,1.0
9554,6,Shirt,0.838
9555,5,Sandal,1.0
9556,5,Sandal,1.0
9557,7,Sneaker,1.0
9558,9,Ankle boot,1.0
9559,9,Ankle boot,1.0
9560,8,Bag,1.0
9561,2,Pullover,0.8559
9562,8,Bag,1.0
9563,2,Pullover,1.0
9564,1,Trouser,1.0
9565,3,Dress,1.0
9566,3,Dress,0.8618
9567,4,Coat,0.5557
9568,8,Bag,1.0
9569,9,Ankle boot,1.0
9570,4,Coat,0.8599
9571,6,Shirt,0.587
9572,7,Sneaker,1.0
9573,3,Dress,0.3946
9574,6,Shirt,0.7159
9575,8,Bag,1.0
9576,1,Trouser,1.0
9577,2,Pullover,1.0
9578,6,Shirt,1.0
9579,1,Trouser,1.0
9580,6,Shirt,0.8641
9581,5,Sandal,1.0
9582,2,Pullover,0.7521
9583,9,Ankle boot,1.0
9584,7,Sneaker,1.0
9585,2,Pullover,1.0
9586,8,Bag,1.0
9587,7,Sneaker,0.8646
9588,3,Dress,0.8638
9589,7,Sneaker,1.0
9590,8,Bag,0.6092
9591,1,Trouser,1.0
9592,2,Pullover,0.8609
9593,1,Trouser,1.0
9594,7,Sneaker,1.0
9595,4,Coat,0.8582
9596,8,Bag,0.7094
9597,8,Bag,0.5895
9598,7,Sneaker,0.5756
9599,0,T-shirt/top,0.876
9600,2,Pullover,1.0
9601,6,Shirt,0.433
9602,0,T-shirt/top,0.563
9603,1,Trouser,1.0
9604,2,Pullover,0.5709
9605,6,Shirt,1.0
9606,5,Sandal,1.0
9607,0,T-shirt/top,0.5836
9608,1,Trouser,1.0
9609,5,Sandal,1.0
9610,5,Sandal,0.848
9611,2,Pullover,1.0
9612,5,Sandal,1.0
9613,1,Trouser,1.0
9614,9,Ankle boot,1.0
9615,8,Bag,1.0
9616,7,Sneaker,1.0
9617,1,Trouser,1.0
9618,2,Pullover,0.8226
9619,7,Sneaker,1.0
9620,0,T-shirt/top,1.0
9621,9,Ankle boot,1.0
9622,6,Shirt,0.4305
9623,1,Trouser,1.0
9624,9,Ankle boot,1.0
9625,0,T-shirt/top,0.8564
9626,4,Coat,1.0
9627,6,Shirt,0.7156
9628,6,Shirt,1.0
9629,5,Sandal,1.0
9630,9,Ankle boot,1.0
9631,9,Ankle boot,1.0
9632,6,Shirt,0.5693
9633,2,Pullover,0.5826
9634,7,Sneaker,0.723
9635,1,Trouser,1.0
9636,8,Bag,1.0
9637,1,Trouser,1.0
9638,4,Coat,1.0
9639,2,Pullover,0.7125
9640,3,Dress,1.0
9641,7,Sneaker,1.0
9642,8,Bag,1.0
9643,4,Coat,1.0
9644,0,T-shirt/top,1.0
9645,4,Coat,1.0
9646,5,Sandal,1.0
9647,6,Shirt,0.3113
9648,4,Coat,0.4349
9649,9,Ankle boot,1.0
9650,3,Dress,1.0
9651,5,Sandal,1.0
9652,8,Bag,1.0
9653,0,T-shirt/top,1.0
9654,1,Trouser,1.0
9655,9,Ankle boot,1.0
9656,6,Shirt,0.8728
9657,7,Sneaker,1.0
9658,3,Dress,1.0
9659,7,Sneaker,1.0
9660,4,Coat,0.7219
9661,4,Coat,1.0
9662,4,Coat,0.8598
9663,0,T-shirt/top,0.8625
9664,2,Pullover,0.8528
9665,1,Trouser,1.0
9666,3,Dress,0.7092
9667,3,Dress,0.5973
9668,0,T-shirt/top,0.8461
9669,7,Sneaker,1.0
9670,0,T-shirt/top,1.0
9671,5,Sandal,1.0
9672,9,Ankle boot,1.0
9673,8,Bag,1.0
9674,9,Ankle boot,1.0
9675,3,Dress,1.0
9676,7,Sneaker,1.0
9677,9,Ankle boot,1.0
9678,9,Ankle boot,1.0
9679,4,Coat,0.5696
9680,8,Bag,1.0
9681,8,Bag,1.0
9682,0,T-shirt/top,1.0
9683,1,Trouser,1.0
9684,4,Coat,1.0
9685,4,Coat,0.8621
9686,0,T-shirt/top,1.0
9687,2,Pullover,1.0
9688,8,Bag,1.0
9689,1,Trouser,1.0
9690,2,Pullover,0.4169
9691,1,Trouser,1.0
9692,3,Dress,0.4366
9693,3,Dress,1.0
9694,2,Pullover,1.0
9695,7,Sneaker,1.0
9696,8,Bag,1.0
9697,7,Sneaker,1.0
9698,0,T-shirt/top,1.0
9699,4,Coat,0.8506
9700,3,Dress,1.0
9701,4,Coat,0.6914
9702,4,Coat,0.6927
9703,5,Sandal,0.7076
9704,7,Sneaker,1.0
9705,9,Ankle boot,0.8582
9706,2,Pullover,0.7367
9707,5,Sandal,0.8687
9708,2,Pullover,1.0
9709,4,Coat,0.8682
9710,5,Sandal,1.0
9711,0,T-shirt/top,0.8548
9712,1,Trouser,1.0
9713,7,Sneaker,1.0
9714,0,T-shirt/top,0.7011
9715,7,Sneaker,0.8502
9716,6,Shirt,1.0
9717,0,T-shirt/top,1.0
9718,0,T-shirt/top,1.0
9719,2,Pullover,0.2888
9720,5,Sandal,1.0
9721,1,Trouser,1.0
9722,1,Trouser,1.0
9723,2,Pullover,1.0
9724,4,Coat,0.548
9725,6,Shirt,1.0
9726,9,Ankle boot,1.0
9727,8,Bag,1.0
9728,1,Trouser,1.0
9729,6,Shirt,0.7203
9730,1,Trouser,1.0
9731,6,Shirt,0.5801
9732,8,Bag,1.0
9733,5,Sandal,1.0
9734,4,Coat,0.5829
9735,0,T-shirt/top,1.0
9736,4,Coat,0.7428
9737,0,T-shirt/top,0.8644
9738,4,Coat,1.0
9739,9,Ankle boot,1.0
9740,3,Dress,1.0
9741,8,Bag,1.0
9742,5,Sandal,1.0
9743,4,Coat,1.0
9744,8,Bag,1.0
9745,6,Shirt,1.0
9746,2,Pullover,0.863
9747,8,Bag,1.0
9748,1,Trouser,0.5645
9749,4,Coat,0.7205
9750,4,Coat,0.5855
9751,0,T-shirt/top,1.0
9752,8,Bag,1.0
9753,9,Ankle boot,0.7203
9754,5,Sandal,1.0
9755,2,Pullover,0.8555
9756,8,Bag,1.0
9757,9,Ankle boot,0.8245
9758,2,Pullover,0.6149
9759,9,Ankle boot,1.0
9760,5,Sandal,1.0
9761,9,Ankle boot,1.0
9762,2,Pullover,0.7033
9763,1,Trouser,1.0
9764,0,T-shirt/top,1.0
9765,2,Pullover,0.5756
9766,1,Trouser,1.0
9767,7,Sneaker,0.8519
9768,7,Sneaker,1.0
9769,1,Trouser,1.0
9770,7,Sneaker,1.0
9771,3,Dress,1.0
9772,5,Sandal,1.0
9773,8,Bag,1.0
9774,7,Sneaker,1.0
9775,2,Pullover,1.0
9776,5,Sandal,1.0
9777,1,Trouser,1.0
9778,5,Sandal,1.0
9779,2,Pullover,0.7284
9780,0,T-shirt/top,1.0
9781,6,Shirt,0.5693
9782,0,T-shirt/top,1.0
9783,1,Trouser,1.0
9784,2,Pullover,0.7117
9785,4,Coat,1.0
9786,4,Coat,1.0
9787,8,Bag,1.0
9788,0,T-shirt/top,1.0
9789,3,Dress,0.847
9790,2,Pullover,0.8383
9791,0,T-shirt/top,0.7186
9792,3,Dress,1.0
9793,5,Sandal,1.0
9794,4,Coat,0.5747
9795,3,Dress,0.7165
9796,3,Dress,1.0
9797,0,T-shirt/top,0.5938
9798,5,Sandal,0.7314
9799,1,Trouser,1.0
9800,8,Bag,1.0
9801,3,Dress,1.0
9802,1,Trouser,1.0
9803,8,Bag,1.0
9804,7,Sneaker,1.0
9805,8,Bag,1.0
9806,4,Coat,0.8627
9807,2,Pullover,0.8452
9808,0,T-shirt/top,1.0
9809,1,Trouser,0.6759
9810,7,Sneaker,1.0
9811,8,Bag,1.0
9812,1,Trouser,1.0
9813,3,Dress,1.0
9814,9,Ankle boot,1.0
9815,0,T-shirt/top,1.0
9816,2,Pullover,0.5754
9817,8,Bag,1.0
9818,1,Trouser,1.0
9819,4,Coat,1.0
9820,8,Bag,1.0
9821,8,Bag,1.0
9822,3,Dress,1.0
9823,0,T-shirt/top,1.0
9824,8,Bag,1.0
9825,7,Sneaker,0.7202
9826,7,Sneaker,1.0
9827,5,Sandal,1.0
9828,4,Coat,1.0
9829,7,Sneaker,1.0
9830,7,Sneaker,1.0
9831,6,Shirt,0.8567
9832,1,Trouser,1.0
9833,8,Bag,1.0
9834,1,Trouser,1.0
9835,7,Sneaker,0.8634
9836,7,Sneaker,1.0
9837,0,T-shirt/top,1.0
9838,3,Dress,1.0
9839,1,Trouser,1.0
9840,6,Shirt,0.7217
9841,5,Sandal,1.0
9842,5,Sandal,1.0
9843,3,Dress,1.0
9844,8,Bag,1.0
9845,9,Ankle boot,1.0
9846,4,Coat,0.7281
9847,0,T-shirt/top,1.0
9848,9,Ankle boot,1.0
9849,5,Sandal,1.0
9850,1,Trouser,1.0
9851,7,Sneaker,1.0
9852,2,Pullover,0.8596
9853,1,Trouser,1.0
9854,5,Sandal,1.0
9855,2,Pullover,0.8647
9856,8,Bag,1.0
9857,3,Dress,1.0
9858,3,Dress,1.0
9859,3,Dress,0.4378
9860,7,Sneaker,1.0
9861,1,Trouser,1.0
9862,3,Dress,1.0
9863,4,Coat,1.0
9864,4,Coat,1.0
9865,7,Sneaker,0.5525
9866,7,Sneaker,1.0
9867,0,T-shirt/top,0.4375
9868,6,Shirt,0.7115
9869,7,Sneaker,1.0
9870,3,Dress,0.8621
9871,3,Dress,1.0
9872,7,Sneaker,1.0
9873,8,Bag,1.0
9874,8,Bag,1.0
9875,2,Pullover,0.5855
9876,5,Sandal,0.4409
9877,6,Shirt,1.0
9878,9,Ankle boot,1.0
9879,7,Sneaker,1.0
9880,1,Trouser,0.8345
9881,2,Pullover,0.8568
9882,9,Ankle boot,1.0
9883,3,Dress,1.0
9884,0,T-shirt/top,0.8115
9885,7,Sneaker,0.5331
9886,5,Sandal,1.0
9887,6,Shirt,1.0
9888,9,Ankle boot,1.0
9889,1,Trouser,1.0
9890,4,Coat,0.8627
9891,1,Trouser,1.0
9892,5,Sandal,1.0
9893,6,Shirt,1.0
9894,4,Coat,1.0
9895,1,Trouser,1.0
9896,4,Coat,1.0
9897,6,Shirt,0.8562
9898,3,Dress,1.0
9899,3,Dress,1.0
9900,6,Shirt,1.0
9901,3,Dress,1.0
9902,0,T-shirt/top,0.8714
9903,8,Bag,1.0
9904,4,Coat,0.7157
9905,7,Sneaker,1.0
9906,5,Sandal,1.0
9907,5,Sandal,1.0
9908,7,Sneaker,1.0
9909,0,T-shirt/top,1.0
9910,7,Sneaker,1.0
9911,9,Ankle boot,1.0
9912,4,Coat,1.0
9913,4,Coat,0.5719
9914,2,Pullover,0.7119
9915,9,Ankle boot,1.0
9916,1,Trouser,0.6204
9917,9,Ankle boot,0.7229
9918,1,Trouser,1.0
9919,8,Bag,0.8623
9920,8,Bag,1.0
9921,8,Bag,1.0
9922,9,Ankle boot,0.8403
9923,8,Bag,1.0
9924,3,Dress,1.0
9925,8,Bag,1.0
9926,9,Ankle boot,1.0
9927,3,Dress,0.8582
9928,8,Bag,0.4418
9929,0,T-shirt/top,1.0
9930,2,Pullover,0.5811
9931,1,Trouser,1.0
9932,8,Bag,1.0
9933,4,Coat,1.0
9934,4,Coat,1.0
9935,6,Shirt,0.423
9936,0,T-shirt/top,1.0
9937,9,Ankle boot,1.0
9938,5,Sandal,1.0
9939,3,Dress,0.7264
9940,1,Trouser,1.0
9941,9,Ankle boot,0.8591
9942,1,Trouser,1.0
9943,3,Dress,1.0
9944,5,Sandal,1.0
9945,0,T-shirt/top,0.5748
9946,2,Pullover,0.5919
9947,2,Pullover,0.5662
9948,1,Trouser,1.0
9949,5,Sandal,0.727
9950,3,Dress,1.0
9951,6,Shirt,0.7208
9952,8,Bag,1.0
9953,2,Pullover,1.0
9954,9,Ankle boot,1.0
9955,6,Shirt,0.5635
9956,9,Ankle boot,1.0
9957,0,T-shirt/top,1.0
9958,0,T-shirt/top,1.0
9959,4,Coat,1.0
9960,1,Trouser,1.0
9961,4,Coat,0.7142
9962,6,Shirt,1.0
9963,4,Coat,0.7065
9964,9,Ankle boot,1.0
9965,1,Trouser,1.0
9966,4,Coat,1.0
9967,9,Ankle boot,1.0
9968,7,Sneaker,1.0
9969,8,Bag,0.5772
9970,2,Pullover,0.7332
9971,6,Shirt,1.0
9972,6,Shirt,0.5766
9973,9,Ankle boot,1.0
9974,7,Sneaker,1.0
9975,8,Bag,1.0
9976,5,Sandal,1.0
9977,0,T-shirt/top,1.0
9978,9,Ankle boot,1.0
9979,0,T-shirt/top,0.8614
9980,0,T-shirt/top,1.0
9981,6,Shirt,0.5838
9982,8,Bag,1.0
9983,1,Trouser,1.0
9984,3,Dress,0.8529
9985,0,T-shirt/top,0.4229
9986,7,Sneaker,1.0
9987,5,Sandal,1.0
9988,8,Bag,1.0
9989,6,Shirt,0.4327
9990,5,Sandal,1.0
9991,1,Trouser,0.2908
9992,8,Bag,1.0
9993,9,Ankle boot,1.0
9994,1,Trouser,1.0
9995,9,Ankle boot,1.0
9996,1,Trouser,1.0
9997,8,Bag,1.0
9998,1,Trouser,1.0
9999,5,Sandal,1.0
